,temp,hour_rain,total_rain,date,humidity,wind_direction,wind,wind_gust,pressure,solar,dewpoint,station
0,0.8,0.0,0.0,2019-12-31 23:00:08,79.0,284.0,5.5,5.5,1023.6,0.0,-2.4,IDRSING3
1,0.7,0.0,0.0,2019-12-31 23:05:12,79.0,266.0,5.0,5.5,1023.6,0.0,-2.5,IDRSING3
2,0.7,0.0,0.0,2019-12-31 23:10:00,78.0,265.0,6.4,7.2,1023.9,0.0,-2.7,IDRSING3
3,0.7,0.0,0.0,2019-12-31 23:15:04,78.0,266.0,6.9,7.2,1023.9,0.0,-2.7,IDRSING3
4,0.5,0.0,0.0,2019-12-31 23:20:08,77.0,272.0,5.8,7.2,1023.9,0.0,-3.1,IDRSING3
5,0.5,0.0,0.0,2019-12-31 23:25:12,77.0,269.0,7.2,7.2,1023.6,0.0,-3.1,IDRSING3
6,0.5,0.0,0.0,2019-12-31 23:30:00,77.0,270.0,4.7,7.2,1023.9,0.0,-3.1,IDRSING3
7,0.6,0.0,0.0,2019-12-31 23:35:04,78.0,273.0,3.5,3.5,1023.9,0.0,-2.8,IDRSING3
8,0.5,0.0,0.0,2019-12-31 23:40:08,78.0,275.0,4.0,5.5,1023.9,0.0,-2.9,IDRSING3
9,0.3,0.0,0.0,2019-12-31 23:45:12,77.0,282.0,4.7,5.5,1023.9,0.0,-3.3,IDRSING3
10,0.6,0.0,0.0,2019-12-31 23:50:00,79.0,275.0,3.5,3.5,1023.9,0.0,-2.6,IDRSING3
11,0.6,0.0,0.0,2019-12-31 23:55:04,79.0,275.0,3.5,3.5,1023.9,0.0,-2.6,IDRSING3
12,0.5,0.0,0.0,2020-01-01 00:00:08,78.0,286.0,2.9,3.5,1023.9,0.0,-2.9,IDRSING3
13,0.6,0.0,0.0,2020-01-01 00:05:12,80.0,294.0,2.6,3.5,1023.9,0.0,-2.5,IDRSING3
14,0.8,0.0,0.0,2020-01-01 00:10:00,80.0,301.0,3.2,3.5,1024.3,0.0,-2.3,IDRSING3
15,0.5,0.0,0.0,2020-01-01 00:15:04,79.0,66.0,0.6,1.8,1023.9,0.0,-2.7,IDRSING3
16,0.0,0.0,0.0,2020-01-01 00:20:08,77.0,66.0,0.0,0.0,1024.3,0.0,-3.6,IDRSING3
17,-0.5,0.0,0.0,2020-01-01 00:25:12,74.0,344.0,3.2,5.5,1024.3,0.0,-4.6,IDRSING3
18,-0.1,0.0,0.0,2020-01-01 00:30:00,75.0,330.0,4.0,5.5,1024.3,0.0,-4.0,IDRSING3
19,0.2,0.0,0.0,2020-01-01 00:35:04,77.0,301.0,5.5,5.5,1023.9,0.0,-3.4,IDRSING3
20,0.2,0.0,0.0,2020-01-01 00:40:08,78.0,315.0,4.0,5.5,1023.9,0.0,-3.2,IDRSING3
21,0.2,0.0,0.0,2020-01-01 00:45:12,77.0,334.0,4.0,5.5,1023.9,0.0,-3.4,IDRSING3
22,0.1,0.0,0.0,2020-01-01 00:50:00,77.0,292.0,4.0,5.5,1024.3,0.0,-3.5,IDRSING3
23,0.2,0.0,0.0,2020-01-01 00:55:04,78.0,20.0,2.1,3.5,1024.3,0.0,-3.2,IDRSING3
24,0.2,0.0,0.0,2020-01-01 01:00:08,77.0,317.0,2.1,3.5,1024.3,0.0,-3.4,IDRSING3
25,0.3,0.0,0.0,2020-01-01 01:05:12,78.0,350.0,2.1,3.5,1024.3,0.0,-3.1,IDRSING3
26,0.2,0.0,0.0,2020-01-01 01:10:00,78.0,354.0,2.1,3.5,1024.3,0.0,-3.2,IDRSING3
27,0.2,0.0,0.0,2020-01-01 01:15:04,78.0,346.0,2.9,3.5,1024.3,0.0,-3.2,IDRSING3
28,0.1,0.0,0.0,2020-01-01 01:20:08,78.0,329.0,3.2,3.5,1024.3,0.0,-3.3,IDRSING3
29,0.0,0.0,0.0,2020-01-01 01:25:12,77.0,334.0,3.2,3.5,1024.3,0.0,-3.6,IDRSING3
30,-0.1,0.0,0.0,2020-01-01 01:30:00,77.0,297.0,5.0,5.5,1024.3,0.0,-3.7,IDRSING3
31,0.2,0.0,0.0,2020-01-01 01:35:04,78.0,292.0,6.4,7.2,1023.9,0.0,-3.2,IDRSING3
32,0.3,0.0,0.0,2020-01-01 01:40:09,77.0,280.0,2.1,3.5,1024.3,0.0,-3.3,IDRSING3
33,0.1,0.0,0.0,2020-01-01 01:45:13,77.0,259.0,2.9,3.5,1024.3,0.0,-3.5,IDRSING3
34,0.0,0.0,0.0,2020-01-01 01:50:01,76.0,287.0,2.1,3.5,1023.9,0.0,-3.7,IDRSING3
35,-0.1,0.0,0.0,2020-01-01 01:55:05,75.0,287.0,2.1,3.5,1023.9,0.0,-4.0,IDRSING3
36,0.0,0.0,0.0,2020-01-01 02:00:09,76.0,296.0,1.4,1.8,1023.9,0.0,-3.7,IDRSING3
37,0.0,0.0,0.0,2020-01-01 02:05:13,76.0,315.0,3.5,3.5,1024.3,0.0,-3.7,IDRSING3
38,0.1,0.0,0.0,2020-01-01 02:10:01,76.0,357.0,2.9,3.5,1024.3,0.0,-3.6,IDRSING3
39,0.0,0.0,0.0,2020-01-01 02:15:05,76.0,293.0,3.5,3.5,1024.3,0.0,-3.7,IDRSING3
40,0.1,0.0,0.0,2020-01-01 02:20:09,77.0,342.0,3.5,3.5,1024.3,0.0,-3.5,IDRSING3
41,0.1,0.0,0.0,2020-01-01 02:25:13,77.0,311.0,4.7,5.5,1024.3,0.0,-3.5,IDRSING3
42,0.3,0.0,0.0,2020-01-01 02:30:01,78.0,308.0,4.0,5.5,1023.9,0.0,-3.1,IDRSING3
43,0.2,0.0,0.0,2020-01-01 02:35:05,78.0,290.0,5.0,7.2,1023.9,0.0,-3.2,IDRSING3
44,0.1,0.0,0.0,2020-01-01 02:40:09,77.0,287.0,5.8,7.2,1023.6,0.0,-3.5,IDRSING3
45,0.1,0.0,0.0,2020-01-01 02:45:13,76.0,294.0,5.5,5.5,1023.9,0.0,-3.6,IDRSING3
46,0.2,0.0,0.0,2020-01-01 02:50:01,77.0,299.0,7.9,9.3,1024.3,0.0,-3.4,IDRSING3
47,0.1,0.0,0.0,2020-01-01 02:55:05,76.0,301.0,5.5,5.5,1023.6,0.0,-3.6,IDRSING3
48,0.0,0.0,0.0,2020-01-01 03:00:09,76.0,311.0,3.5,3.5,1023.6,0.0,-3.7,IDRSING3
49,0.0,0.0,0.0,2020-01-01 03:05:13,76.0,307.0,4.7,5.5,1023.9,0.0,-3.7,IDRSING3
50,0.2,0.0,0.0,2020-01-01 03:10:01,76.0,296.0,4.7,5.5,1023.9,0.0,-3.5,IDRSING3
51,0.2,0.0,0.0,2020-01-01 03:15:05,77.0,303.0,5.8,7.2,1024.3,0.0,-3.4,IDRSING3
52,0.3,0.0,0.0,2020-01-01 03:20:09,76.0,322.0,5.0,5.5,1023.6,0.0,-3.4,IDRSING3
53,0.4,0.0,0.0,2020-01-01 03:25:13,76.0,334.0,7.2,11.1,1023.9,0.0,-3.3,IDRSING3
54,0.6,0.0,0.0,2020-01-01 03:30:01,77.0,317.0,6.1,7.2,1024.3,0.0,-3.0,IDRSING3
55,0.6,0.0,0.0,2020-01-01 03:35:05,77.0,324.0,2.9,5.5,1023.9,0.0,-3.0,IDRSING3
56,0.5,0.0,0.0,2020-01-01 03:40:09,76.0,303.0,3.5,3.5,1023.9,0.0,-3.3,IDRSING3
57,0.6,0.0,0.0,2020-01-01 03:45:13,76.0,297.0,5.5,5.5,1024.3,0.0,-3.2,IDRSING3
58,0.8,0.0,0.0,2020-01-01 03:50:01,76.0,300.0,5.5,5.5,1023.9,0.0,-3.0,IDRSING3
59,1.1,0.0,0.0,2020-01-01 03:55:05,77.0,272.0,6.1,7.2,1024.3,0.0,-2.5,IDRSING3
60,1.2,0.0,0.0,2020-01-01 04:00:09,77.0,268.0,7.2,7.2,1024.3,0.0,-2.4,IDRSING3
61,1.2,0.0,0.0,2020-01-01 04:05:13,77.0,308.0,7.2,9.3,1024.3,0.0,-2.4,IDRSING3
62,1.1,0.0,0.0,2020-01-01 04:10:01,77.0,284.0,5.5,7.2,1024.3,0.0,-2.5,IDRSING3
63,1.1,0.0,0.0,2020-01-01 04:15:05,76.0,290.0,5.0,7.2,1024.3,0.0,-2.7,IDRSING3
64,1.0,0.0,0.0,2020-01-01 04:20:09,75.0,300.0,4.3,5.5,1023.9,0.0,-2.9,IDRSING3
65,0.9,0.0,0.0,2020-01-01 04:25:13,74.0,288.0,5.5,5.5,1024.3,0.0,-3.2,IDRSING3
66,0.8,0.0,0.0,2020-01-01 04:30:01,74.0,279.0,3.5,3.5,1024.3,0.0,-3.3,IDRSING3
67,0.9,0.0,0.0,2020-01-01 04:35:05,74.0,276.0,5.5,5.5,1024.3,0.0,-3.2,IDRSING3
68,1.0,0.0,0.0,2020-01-01 04:40:09,74.0,286.0,4.3,5.5,1024.3,0.0,-3.1,IDRSING3
69,1.0,0.0,0.0,2020-01-01 04:45:13,75.0,293.0,5.0,5.5,1024.3,0.0,-2.9,IDRSING3
70,1.0,0.0,0.0,2020-01-01 04:50:01,74.0,276.0,4.7,5.5,1024.3,0.0,-3.1,IDRSING3
71,1.1,0.0,0.0,2020-01-01 04:55:05,75.0,308.0,5.5,5.5,1024.3,0.0,-2.9,IDRSING3
72,1.2,0.0,0.0,2020-01-01 05:00:09,76.0,294.0,5.5,5.5,1024.6,0.0,-2.6,IDRSING3
73,1.4,0.0,0.0,2020-01-01 05:05:13,77.0,296.0,5.0,5.5,1024.6,0.0,-2.2,IDRSING3
74,1.5,0.0,0.0,2020-01-01 05:10:01,77.0,281.0,5.5,5.5,1024.3,0.0,-2.1,IDRSING3
75,1.5,0.0,0.0,2020-01-01 05:15:05,77.0,292.0,3.5,3.5,1024.6,0.0,-2.1,IDRSING3
76,1.6,0.0,0.0,2020-01-01 05:20:09,78.0,282.0,5.5,5.5,1024.6,0.0,-1.8,IDRSING3
77,1.7,0.0,0.0,2020-01-01 05:25:13,78.0,294.0,6.4,7.2,1024.6,0.0,-1.7,IDRSING3
78,1.8,0.0,0.0,2020-01-01 05:30:01,79.0,278.0,7.2,7.2,1024.6,0.0,-1.5,IDRSING3
79,1.9,0.0,0.0,2020-01-01 05:35:05,79.0,274.0,5.5,5.5,1024.6,0.0,-1.4,IDRSING3
80,2.0,0.0,0.0,2020-01-01 05:40:09,80.0,284.0,5.5,5.5,1024.6,0.0,-1.1,IDRSING3
81,2.0,0.0,0.0,2020-01-01 05:45:13,80.0,273.0,6.1,7.2,1024.6,0.0,-1.1,IDRSING3
82,1.9,0.0,0.0,2020-01-01 05:50:01,80.0,273.0,5.5,5.5,1024.6,0.0,-1.2,IDRSING3
83,2.0,0.0,0.0,2020-01-01 05:55:05,81.0,306.0,6.1,7.2,1024.9,0.0,-0.9,IDRSING3
84,2.2,0.0,0.0,2020-01-01 06:00:09,81.0,269.0,6.4,7.2,1024.6,0.0,-0.7,IDRSING3
85,2.0,0.0,0.0,2020-01-01 06:05:13,80.0,272.0,9.3,11.1,1024.6,0.0,-1.1,IDRSING3
86,2.0,0.0,0.0,2020-01-01 06:10:01,80.0,276.0,5.8,7.2,1024.6,0.0,-1.1,IDRSING3
87,2.0,0.0,0.0,2020-01-01 06:15:05,81.0,288.0,7.2,7.2,1024.9,0.0,-0.9,IDRSING3
88,2.1,0.0,0.0,2020-01-01 06:20:09,81.0,290.0,5.5,5.5,1024.6,0.0,-0.8,IDRSING3
89,2.2,0.0,0.0,2020-01-01 06:25:13,82.0,296.0,5.5,5.5,1024.9,0.0,-0.6,IDRSING3
90,2.1,0.0,0.0,2020-01-01 06:30:01,80.0,282.0,6.4,7.2,1024.6,0.0,-1.0,IDRSING3
91,2.0,0.0,0.0,2020-01-01 06:35:05,80.0,268.0,6.1,7.2,1024.9,0.0,-1.1,IDRSING3
92,2.1,0.0,0.0,2020-01-01 06:40:09,81.0,286.0,6.4,9.3,1024.6,0.0,-0.8,IDRSING3
93,2.2,0.0,0.0,2020-01-01 06:45:13,82.0,291.0,4.7,5.5,1024.6,1.71,-0.6,IDRSING3
94,2.2,0.0,0.0,2020-01-01 06:50:01,83.0,282.0,7.9,9.3,1024.9,2.08,-0.4,IDRSING3
95,2.2,0.0,0.0,2020-01-01 06:55:05,81.0,266.0,4.7,5.5,1024.6,4.28,-0.7,IDRSING3
96,2.1,0.0,0.0,2020-01-01 07:00:09,81.0,278.0,7.2,9.3,1024.9,6.48,-0.8,IDRSING3
97,1.9,0.0,0.0,2020-01-01 07:05:13,79.0,266.0,5.5,5.5,1024.9,7.7,-1.4,IDRSING3
98,1.8,0.0,0.0,2020-01-01 07:10:01,79.0,269.0,5.8,7.2,1024.9,10.77,-1.5,IDRSING3
99,1.8,0.0,0.0,2020-01-01 07:15:05,78.0,283.0,6.1,9.3,1024.6,12.11,-1.6,IDRSING3
100,1.8,0.0,0.0,2020-01-01 07:20:09,78.0,274.0,5.8,7.2,1024.6,14.68,-1.6,IDRSING3
101,1.9,0.0,0.0,2020-01-01 07:25:13,79.0,297.0,5.0,5.5,1024.9,17.25,-1.4,IDRSING3
102,1.9,0.0,0.0,2020-01-01 07:30:01,79.0,288.0,6.1,7.2,1024.9,21.16,-1.4,IDRSING3
103,2.0,0.0,0.0,2020-01-01 07:35:05,80.0,298.0,6.4,7.2,1024.9,23.36,-1.1,IDRSING3
104,2.0,0.0,0.0,2020-01-01 07:40:09,79.0,275.0,4.7,5.5,1024.9,25.07,-1.3,IDRSING3
105,1.9,0.0,0.0,2020-01-01 07:45:13,78.0,286.0,5.0,5.5,1025.3,27.65,-1.5,IDRSING3
106,1.9,0.0,0.0,2020-01-01 07:50:01,79.0,251.0,6.1,7.2,1025.3,32.9,-1.4,IDRSING3
107,1.8,0.0,0.0,2020-01-01 07:55:05,79.0,274.0,5.8,7.2,1025.3,37.68,-1.5,IDRSING3
108,1.9,0.0,0.0,2020-01-01 08:00:09,79.0,272.0,5.5,5.5,1025.6,36.33,-1.4,IDRSING3
109,1.9,0.0,0.0,2020-01-01 08:05:13,79.0,275.0,5.8,7.2,1025.6,37.68,-1.4,IDRSING3
110,1.9,0.0,0.0,2020-01-01 08:10:01,79.0,273.0,5.0,5.5,1025.6,41.1,-1.4,IDRSING3
111,1.9,0.0,0.0,2020-01-01 08:15:05,79.0,281.0,4.7,5.5,1025.6,40.73,-1.4,IDRSING3
112,1.8,0.0,0.0,2020-01-01 08:20:09,79.0,283.0,4.7,5.5,1025.6,45.02,-1.5,IDRSING3
113,1.9,0.0,0.0,2020-01-01 08:25:13,79.0,275.0,4.3,5.5,1025.3,45.51,-1.4,IDRSING3
114,1.8,0.0,0.0,2020-01-01 08:30:01,79.0,285.0,5.5,5.5,1025.3,49.42,-1.5,IDRSING3
115,1.9,0.0,0.0,2020-01-01 08:35:05,79.0,284.0,4.3,5.5,1025.6,56.76,-1.4,IDRSING3
116,1.8,0.0,0.0,2020-01-01 08:40:09,77.0,276.0,2.9,3.5,1025.6,59.82,-1.8,IDRSING3
117,1.7,0.0,0.0,2020-01-01 08:45:13,76.0,270.0,5.5,5.5,1025.6,63.24,-2.1,IDRSING3
118,1.5,0.0,0.0,2020-01-01 08:50:01,73.0,266.0,2.6,3.5,1025.6,65.45,-2.8,IDRSING3
119,1.6,0.0,0.0,2020-01-01 08:55:05,74.0,261.0,3.5,3.5,1025.6,68.51,-2.5,IDRSING3
120,1.7,0.0,0.0,2020-01-01 09:00:09,73.0,271.0,3.5,3.5,1026.0,71.93,-2.6,IDRSING3
121,1.8,0.0,0.0,2020-01-01 09:05:13,75.0,280.0,1.4,1.8,1026.0,78.9,-2.2,IDRSING3
122,2.2,0.0,0.0,2020-01-01 09:10:01,78.0,284.0,2.9,3.5,1026.0,86.24,-1.3,IDRSING3
123,2.5,0.0,0.0,2020-01-01 09:15:05,79.0,280.0,3.5,5.5,1026.0,90.16,-0.8,IDRSING3
124,2.6,0.0,0.0,2020-01-01 09:20:09,82.0,293.0,4.7,5.5,1026.0,93.22,-0.2,IDRSING3
125,2.8,0.0,0.0,2020-01-01 09:25:13,82.0,317.0,4.0,5.5,1026.0,89.31,0.0,IDRSING3
126,3.0,0.0,0.0,2020-01-01 09:30:01,82.0,303.0,4.7,5.5,1026.3,92.36,0.2,IDRSING3
127,3.0,0.0,0.0,2020-01-01 09:35:05,83.0,275.0,4.3,5.5,1026.0,101.05,0.4,IDRSING3
128,3.1,0.0,0.0,2020-01-01 09:40:09,83.0,281.0,5.8,7.2,1026.0,99.7,0.5,IDRSING3
129,3.2,0.0,0.0,2020-01-01 09:45:13,82.0,280.0,4.3,5.5,1026.0,86.73,0.4,IDRSING3
130,3.2,0.0,0.0,2020-01-01 09:50:01,83.0,273.0,5.0,5.5,1025.6,86.73,0.6,IDRSING3
131,3.2,0.0,0.0,2020-01-01 09:55:05,82.0,259.0,4.7,5.5,1026.0,80.25,0.4,IDRSING3
132,3.2,0.0,0.0,2020-01-01 10:00:09,82.0,273.0,3.5,3.5,1025.6,73.28,0.4,IDRSING3
133,3.2,0.0,0.0,2020-01-01 10:05:13,83.0,280.0,5.5,5.5,1025.6,66.8,0.6,IDRSING3
134,3.3,0.0,0.0,2020-01-01 10:10:01,83.0,271.0,3.2,3.5,1025.6,67.16,0.7,IDRSING3
135,3.2,0.0,0.0,2020-01-01 10:15:05,81.0,257.0,3.5,3.5,1026.0,78.05,0.3,IDRSING3
136,3.5,0.0,0.0,2020-01-01 10:20:09,83.0,282.0,3.5,3.5,1026.0,81.48,0.9,IDRSING3
137,4.3,0.0,0.0,2020-01-01 10:25:13,89.0,310.0,7.9,9.3,1025.6,91.51,2.6,IDRSING3
138,4.7,0.0,0.0,2020-01-01 10:30:01,88.0,273.0,6.1,7.2,1025.6,96.65,2.8,IDRSING3
139,4.8,0.0,0.0,2020-01-01 10:35:05,89.0,296.0,8.7,9.3,1025.6,127.1,3.1,IDRSING3
140,4.9,0.0,0.0,2020-01-01 10:40:09,90.0,301.0,7.2,9.3,1025.6,131.88,3.4,IDRSING3
141,5.0,0.0,0.0,2020-01-01 10:45:13,88.0,315.0,7.2,9.3,1025.3,69.36,3.1,IDRSING3
142,5.0,0.0,0.0,2020-01-01 10:50:01,89.0,305.0,6.9,7.2,1025.6,106.68,3.3,IDRSING3
143,5.1,0.0,0.0,2020-01-01 10:55:05,91.0,288.0,9.7,11.1,1025.3,96.27,3.8,IDRSING3
144,5.2,0.0,0.0,2020-01-01 11:00:09,89.0,301.0,7.9,9.3,1025.3,117.93,3.5,IDRSING3
145,5.3,0.0,0.0,2020-01-01 11:05:13,90.0,345.0,7.9,9.3,1025.3,127.47,3.8,IDRSING3
146,5.4,0.0,0.0,2020-01-01 11:10:01,90.0,327.0,11.1,14.8,1025.3,169.56,3.9,IDRSING3
147,5.4,0.0,0.0,2020-01-01 11:15:05,90.0,301.0,12.6,14.8,1025.3,157.81,3.9,IDRSING3
148,5.5,0.0,0.0,2020-01-01 11:20:09,89.0,322.0,11.9,14.8,1024.9,83.68,3.8,IDRSING3
149,5.5,0.0,0.0,2020-01-01 11:25:13,89.0,345.0,9.7,11.1,1024.9,140.07,3.8,IDRSING3
150,5.6,0.0,0.0,2020-01-01 11:30:01,89.0,331.0,9.0,11.1,1024.9,127.47,3.9,IDRSING3
151,5.7,0.0,0.0,2020-01-01 11:35:05,90.0,330.0,8.7,9.3,1024.9,122.7,4.2,IDRSING3
152,5.6,0.0,0.0,2020-01-01 11:40:09,89.0,13.0,9.7,11.1,1024.9,154.39,3.9,IDRSING3
153,5.5,0.0,0.0,2020-01-01 11:45:13,89.0,324.0,6.1,7.2,1024.9,135.3,3.8,IDRSING3
154,5.5,0.0,0.0,2020-01-01 11:50:01,89.0,337.0,9.0,9.3,1024.9,149.98,3.8,IDRSING3
155,5.6,0.0,0.0,2020-01-01 11:55:05,89.0,306.0,9.3,11.1,1024.9,129.19,3.9,IDRSING3
156,5.6,0.0,0.0,2020-01-01 12:00:09,89.0,294.0,9.3,11.1,1024.9,108.88,3.9,IDRSING3
157,5.6,0.0,0.0,2020-01-01 12:05:13,89.0,297.0,8.7,9.3,1024.9,126.61,3.9,IDRSING3
158,5.7,0.0,0.0,2020-01-01 12:10:01,89.0,3.0,5.5,11.1,1024.9,143.13,4.0,IDRSING3
159,5.7,0.0,0.0,2020-01-01 12:15:05,89.0,9.0,5.5,5.5,1024.6,123.19,4.0,IDRSING3
160,5.6,0.0,0.0,2020-01-01 12:20:09,88.0,303.0,9.0,13.0,1024.3,138.36,3.7,IDRSING3
161,5.5,0.0,0.0,2020-01-01 12:25:13,89.0,4.0,7.6,9.3,1024.3,123.19,3.8,IDRSING3
162,5.6,0.0,0.0,2020-01-01 12:30:01,89.0,14.0,7.6,9.3,1024.3,131.88,3.9,IDRSING3
163,5.7,0.0,0.0,2020-01-01 12:35:05,89.0,330.0,7.9,11.1,1024.6,131.88,4.0,IDRSING3
164,5.6,0.0,0.0,2020-01-01 12:40:09,89.0,325.0,8.2,11.1,1024.6,131.39,3.9,IDRSING3
165,5.7,0.0,0.0,2020-01-01 12:45:13,89.0,331.0,7.2,9.3,1024.3,124.05,4.0,IDRSING3
166,5.7,0.0,0.0,2020-01-01 12:50:01,89.0,328.0,8.2,11.1,1024.3,142.27,4.0,IDRSING3
167,5.7,0.0,0.0,2020-01-01 12:55:05,89.0,290.0,8.7,9.3,1024.3,156.59,4.0,IDRSING3
168,5.7,0.0,0.0,2020-01-01 13:00:09,88.0,359.0,6.1,7.2,1024.3,135.67,3.8,IDRSING3
169,5.7,0.0,0.0,2020-01-01 13:05:13,89.0,322.0,9.3,11.1,1024.3,107.9,4.0,IDRSING3
170,5.6,0.0,0.0,2020-01-01 13:10:01,88.0,301.0,11.1,13.0,1023.9,85.39,3.7,IDRSING3
171,5.3,0.0,0.0,2020-01-01 13:15:05,88.0,342.0,5.8,7.2,1024.3,74.99,3.4,IDRSING3
172,5.2,0.0,0.0,2020-01-01 13:20:09,90.0,340.0,9.3,11.1,1023.9,75.48,3.7,IDRSING3
173,5.1,0.0,0.0,2020-01-01 13:25:13,89.0,328.0,7.9,11.1,1024.3,74.14,3.4,IDRSING3
174,5.1,0.0,0.0,2020-01-01 13:30:01,90.0,334.0,5.5,9.3,1024.3,68.51,3.6,IDRSING3
175,5.1,0.0,0.0,2020-01-01 13:35:05,89.0,322.0,4.0,5.5,1024.6,64.1,3.4,IDRSING3
176,5.0,0.0,0.0,2020-01-01 13:40:09,90.0,322.0,5.0,7.2,1024.6,60.68,3.5,IDRSING3
177,4.9,0.0,0.0,2020-01-01 13:45:13,90.0,327.0,7.9,9.3,1024.3,54.19,3.4,IDRSING3
178,4.8,0.0,0.0,2020-01-01 13:50:01,90.0,324.0,7.2,9.3,1024.3,47.71,3.3,IDRSING3
179,4.8,0.0,0.0,2020-01-01 13:55:05,89.0,336.0,4.7,5.5,1024.3,43.31,3.1,IDRSING3
180,4.7,0.0,0.0,2020-01-01 14:00:09,90.0,320.0,10.5,13.0,1024.3,39.02,3.2,IDRSING3
181,4.6,0.0,0.0,2020-01-01 14:05:12,90.0,350.0,6.1,7.2,1024.6,33.76,3.1,IDRSING3
182,4.5,0.0,0.0,2020-01-01 14:10:00,89.0,321.0,6.4,7.2,1024.3,31.56,2.8,IDRSING3
183,4.4,0.0,0.0,2020-01-01 14:15:04,89.0,315.0,3.5,3.5,1024.3,28.99,2.7,IDRSING3
184,4.3,0.0,0.0,2020-01-01 14:20:08,89.0,346.0,4.0,5.5,1024.6,25.07,2.6,IDRSING3
185,4.3,0.0,0.0,2020-01-01 14:25:12,89.0,329.0,4.7,5.5,1024.6,21.65,2.6,IDRSING3
186,4.1,0.0,0.0,2020-01-01 14:30:00,89.0,358.0,3.2,3.5,1024.3,19.08,2.4,IDRSING3
187,4.1,0.0,0.0,2020-01-01 14:35:04,89.0,7.0,3.5,3.5,1024.6,16.88,2.4,IDRSING3
188,4.1,0.0,0.0,2020-01-01 14:40:08,89.0,2.0,4.7,5.5,1024.6,14.68,2.4,IDRSING3
189,4.2,0.0,0.0,2020-01-01 14:45:12,89.0,334.0,0.0,0.0,1024.6,12.11,2.5,IDRSING3
190,4.1,0.0,0.0,2020-01-01 14:50:00,88.0,58.0,0.6,1.8,1024.6,9.54,2.2,IDRSING3
191,3.5,0.0,0.0,2020-01-01 14:55:04,86.0,58.0,0.0,0.0,1024.6,6.85,1.4,IDRSING3
192,3.3,0.0,0.0,2020-01-01 15:00:08,85.0,58.0,0.0,0.0,1024.6,4.28,1.0,IDRSING3
193,2.9,0.0,0.0,2020-01-01 15:05:12,84.0,58.0,1.1,1.8,1024.6,2.94,0.4,IDRSING3
194,2.8,0.0,0.0,2020-01-01 15:10:00,83.0,58.0,0.3,1.8,1024.6,1.22,0.2,IDRSING3
195,2.9,0.0,0.0,2020-01-01 15:15:04,84.0,58.0,1.4,1.8,1024.6,0.85,0.4,IDRSING3
196,2.3,0.0,0.0,2020-01-01 15:20:08,80.0,17.0,1.4,1.8,1024.6,0.0,-0.8,IDRSING3
197,2.1,0.0,0.0,2020-01-01 15:25:12,80.0,17.0,1.8,1.8,1024.6,0.0,-1.0,IDRSING3
198,2.2,0.0,0.0,2020-01-01 15:30:00,79.0,21.0,0.0,0.0,1024.6,0.0,-1.1,IDRSING3
199,1.9,0.0,0.0,2020-01-01 15:35:04,77.0,32.0,0.3,1.8,1024.6,0.0,-1.7,IDRSING3
200,1.3,0.0,0.0,2020-01-01 15:40:08,75.0,134.0,0.0,0.0,1024.6,0.0,-2.7,IDRSING3
201,0.8,0.0,0.0,2020-01-01 15:45:12,72.0,155.0,0.3,1.8,1024.6,0.0,-3.7,IDRSING3
202,0.8,0.0,0.0,2020-01-01 15:50:00,72.0,339.0,1.4,1.8,1024.6,0.0,-3.7,IDRSING3
203,0.6,0.0,0.0,2020-01-01 15:55:04,69.0,339.0,0.0,0.0,1024.9,0.0,-4.4,IDRSING3
204,0.6,0.0,0.0,2020-01-01 16:00:09,69.0,339.0,0.0,0.0,1024.9,0.0,-4.4,IDRSING3
205,0.4,0.0,0.0,2020-01-01 16:05:13,68.0,339.0,0.0,0.0,1024.9,0.0,-4.8,IDRSING3
206,0.1,0.0,0.0,2020-01-01 16:10:01,67.0,338.0,0.0,0.0,1024.9,0.0,-5.3,IDRSING3
207,0.0,0.0,0.0,2020-01-01 16:15:05,66.0,339.0,0.0,0.0,1024.9,0.0,-5.6,IDRSING3
208,-0.3,0.0,0.0,2020-01-01 16:20:09,64.0,337.0,0.6,1.8,1024.9,0.0,-6.3,IDRSING3
209,-0.5,0.0,0.0,2020-01-01 16:25:13,64.0,339.0,0.0,0.0,1024.9,0.0,-6.5,IDRSING3
210,-0.6,0.0,0.0,2020-01-01 16:30:01,63.0,339.0,0.0,0.0,1024.9,0.0,-6.8,IDRSING3
211,-0.9,0.0,0.0,2020-01-01 16:35:05,63.0,339.0,0.0,0.0,1024.9,0.0,-7.1,IDRSING3
212,-1.0,0.0,0.0,2020-01-01 16:40:09,62.0,338.0,0.0,0.0,1024.9,0.0,-7.4,IDRSING3
213,-0.7,0.0,0.0,2020-01-01 16:45:13,62.0,324.0,0.0,0.0,1024.9,0.0,-7.1,IDRSING3
214,-0.8,0.0,0.0,2020-01-01 16:50:01,62.0,334.0,0.0,0.0,1024.9,0.0,-7.2,IDRSING3
215,-0.7,0.0,0.0,2020-01-01 16:55:05,62.0,334.0,0.0,0.0,1024.9,0.0,-7.1,IDRSING3
216,-0.7,0.0,0.0,2020-01-01 17:00:09,62.0,334.0,0.0,0.0,1024.9,0.0,-7.1,IDRSING3
217,-0.7,0.0,0.0,2020-01-01 17:05:13,62.0,334.0,0.3,1.8,1024.9,0.0,-7.1,IDRSING3
218,-0.5,0.0,0.0,2020-01-01 17:10:01,62.0,330.0,0.3,1.8,1024.9,0.0,-6.9,IDRSING3
219,-0.8,0.0,0.0,2020-01-01 17:15:05,62.0,334.0,0.0,0.0,1025.3,0.0,-7.2,IDRSING3
220,-1.1,0.0,0.0,2020-01-01 17:20:09,62.0,334.0,0.0,0.0,1024.9,0.0,-7.5,IDRSING3
221,-1.0,0.0,0.0,2020-01-01 17:25:13,62.0,334.0,0.0,0.0,1024.9,0.0,-7.4,IDRSING3
222,-1.1,0.0,0.0,2020-01-01 17:30:01,62.0,339.0,0.0,0.0,1024.9,0.0,-7.5,IDRSING3
223,-1.2,0.0,0.0,2020-01-01 17:35:05,62.0,339.0,0.0,0.0,1025.3,0.0,-7.6,IDRSING3
224,-1.4,0.0,0.0,2020-01-01 17:40:09,62.0,339.0,0.0,0.0,1024.9,0.0,-7.8,IDRSING3
225,-1.5,0.0,0.0,2020-01-01 17:45:13,62.0,339.0,0.0,0.0,1024.9,0.0,-7.9,IDRSING3
226,-1.8,0.0,0.0,2020-01-01 17:50:01,62.0,339.0,0.0,0.0,1024.9,0.0,-8.2,IDRSING3
227,-1.9,0.0,0.0,2020-01-01 17:55:05,62.0,339.0,0.0,0.0,1024.9,0.0,-8.2,IDRSING3
228,-1.9,0.0,0.0,2020-01-01 18:00:09,62.0,339.0,0.0,0.0,1024.9,0.0,-8.2,IDRSING3
229,-1.8,0.0,0.0,2020-01-01 18:05:13,63.0,339.0,0.0,0.0,1024.9,0.0,-7.9,IDRSING3
230,-1.9,0.0,0.0,2020-01-01 18:10:01,62.0,339.0,0.0,0.0,1025.3,0.0,-8.2,IDRSING3
231,-1.7,0.0,0.0,2020-01-01 18:15:05,62.0,67.0,0.0,0.0,1025.3,0.0,-8.1,IDRSING3
232,-1.7,0.0,0.0,2020-01-01 18:20:09,62.0,83.0,0.0,0.0,1025.3,0.0,-8.1,IDRSING3
233,-1.8,0.0,0.0,2020-01-01 18:25:13,62.0,91.0,0.0,0.0,1025.3,0.0,-8.2,IDRSING3
234,-2.0,0.0,0.0,2020-01-01 18:30:01,62.0,91.0,0.0,0.0,1025.3,0.0,-8.3,IDRSING3
235,-2.1,0.0,0.0,2020-01-01 18:35:05,63.0,91.0,0.0,0.0,1025.3,0.0,-8.2,IDRSING3
236,-2.3,0.0,0.0,2020-01-01 18:40:09,63.0,91.0,0.0,0.0,1025.3,0.0,-8.4,IDRSING3
237,-2.6,0.0,0.0,2020-01-01 18:45:13,63.0,92.0,0.0,0.0,1024.9,0.0,-8.7,IDRSING3
238,-2.6,0.0,0.0,2020-01-01 18:50:01,63.0,91.0,0.0,0.0,1025.3,0.0,-8.7,IDRSING3
239,-2.6,0.0,0.0,2020-01-01 18:55:05,63.0,91.0,0.0,0.0,1025.3,0.0,-8.7,IDRSING3
240,-2.7,0.0,0.0,2020-01-01 19:00:09,64.0,91.0,0.0,0.0,1025.3,0.0,-8.6,IDRSING3
241,-2.9,0.0,0.0,2020-01-01 19:05:13,64.0,91.0,0.0,0.0,1025.3,0.0,-8.8,IDRSING3
242,-3.0,0.0,0.0,2020-01-01 19:10:01,64.0,91.0,0.0,0.0,1025.3,0.0,-8.9,IDRSING3
243,-3.3,0.0,0.0,2020-01-01 19:15:05,64.0,91.0,0.0,0.0,1024.9,0.0,-9.1,IDRSING3
244,-3.4,0.0,0.0,2020-01-01 19:20:09,65.0,91.0,0.0,0.0,1025.3,0.0,-9.1,IDRSING3
245,-3.6,0.0,0.0,2020-01-01 19:25:13,65.0,91.0,0.0,0.0,1025.3,0.0,-9.2,IDRSING3
246,-3.9,0.0,0.0,2020-01-01 19:30:01,65.0,91.0,0.0,0.0,1025.3,0.0,-9.5,IDRSING3
247,-3.6,0.0,0.0,2020-01-01 19:35:05,65.0,91.0,0.0,0.0,1025.3,0.0,-9.2,IDRSING3
248,-3.2,0.0,0.0,2020-01-01 19:40:09,65.0,91.0,0.0,0.0,1025.3,0.0,-8.9,IDRSING3
249,-3.4,0.0,0.0,2020-01-01 19:45:13,66.0,91.0,0.0,0.0,1025.3,0.0,-8.9,IDRSING3
250,-3.6,0.0,0.0,2020-01-01 19:50:01,66.0,91.0,0.0,0.0,1025.3,0.0,-9.1,IDRSING3
251,-3.5,0.0,0.0,2020-01-01 19:55:05,66.0,91.0,0.0,0.0,1025.3,0.0,-9.0,IDRSING3
252,-3.8,0.0,0.0,2020-01-01 20:00:09,66.0,91.0,0.0,0.0,1025.3,0.0,-9.3,IDRSING3
253,-4.1,0.0,0.0,2020-01-01 20:05:13,67.0,92.0,0.0,0.0,1024.9,0.0,-9.4,IDRSING3
254,-3.9,0.0,0.0,2020-01-01 20:10:01,67.0,92.0,0.0,0.0,1024.9,0.0,-9.2,IDRSING3
255,-3.8,0.0,0.0,2020-01-01 20:15:05,67.0,92.0,0.0,0.0,1024.9,0.0,-9.1,IDRSING3
256,-3.8,0.0,0.0,2020-01-01 20:20:09,67.0,91.0,0.0,0.0,1025.3,0.0,-9.1,IDRSING3
257,-3.8,0.0,0.0,2020-01-01 20:25:13,67.0,91.0,0.0,0.0,1025.3,0.0,-9.1,IDRSING3
258,-4.0,0.0,0.0,2020-01-01 20:30:01,67.0,92.0,0.0,0.0,1024.9,0.0,-9.3,IDRSING3
259,-4.0,0.0,0.0,2020-01-01 20:35:05,67.0,92.0,0.0,0.0,1024.9,0.0,-9.3,IDRSING3
260,-4.3,0.0,0.0,2020-01-01 20:40:09,67.0,91.0,0.0,0.0,1024.9,0.0,-9.5,IDRSING3
261,-4.4,0.0,0.0,2020-01-01 20:45:13,68.0,91.0,0.0,0.0,1024.9,0.0,-9.4,IDRSING3
262,-4.4,0.0,0.0,2020-01-01 20:50:01,68.0,91.0,0.0,0.0,1024.9,0.0,-9.4,IDRSING3
263,-4.5,0.0,0.0,2020-01-01 20:55:05,68.0,91.0,0.0,0.0,1024.9,0.0,-9.5,IDRSING3
264,-4.0,0.0,0.0,2020-01-01 21:00:09,68.0,91.0,0.0,0.0,1024.6,0.0,-9.0,IDRSING3
265,-3.7,0.0,0.0,2020-01-01 21:05:13,68.0,91.0,0.0,0.0,1024.9,0.0,-8.8,IDRSING3
266,-3.9,0.0,0.0,2020-01-01 21:10:01,68.0,91.0,0.0,0.0,1024.6,0.0,-9.0,IDRSING3
267,-4.0,0.0,0.0,2020-01-01 21:15:05,68.0,91.0,0.0,0.0,1024.6,0.0,-9.0,IDRSING3
268,-4.0,0.0,0.0,2020-01-01 21:20:09,68.0,91.0,0.0,0.0,1024.6,0.0,-9.0,IDRSING3
269,-4.1,0.0,0.0,2020-01-01 21:25:13,68.0,91.0,0.0,0.0,1024.6,0.0,-9.1,IDRSING3
270,-4.4,0.0,0.0,2020-01-01 21:30:01,68.0,91.0,0.0,0.0,1024.6,0.0,-9.4,IDRSING3
271,-4.7,0.0,0.0,2020-01-01 21:35:05,68.0,91.0,0.0,0.0,1024.6,0.0,-9.7,IDRSING3
272,-4.8,0.0,0.0,2020-01-01 21:40:09,68.0,92.0,0.0,0.0,1024.3,0.0,-9.8,IDRSING3
273,-4.7,0.0,0.0,2020-01-01 21:45:13,68.0,91.0,0.0,0.0,1024.6,0.0,-9.7,IDRSING3
274,-4.6,0.0,0.0,2020-01-01 21:50:01,68.0,91.0,0.0,0.0,1024.6,0.0,-9.6,IDRSING3
275,-4.7,0.0,0.0,2020-01-01 21:55:05,68.0,91.0,0.0,0.0,1024.6,0.0,-9.7,IDRSING3
276,-4.8,0.0,0.0,2020-01-01 22:00:09,68.0,91.0,0.0,0.0,1024.6,0.0,-9.8,IDRSING3
277,-4.8,0.0,0.0,2020-01-01 22:05:13,68.0,91.0,0.0,0.0,1024.6,0.0,-9.8,IDRSING3
278,-4.5,0.0,0.0,2020-01-01 22:10:01,68.0,91.0,0.0,0.0,1024.6,0.0,-9.5,IDRSING3
279,-4.8,0.0,0.0,2020-01-01 22:15:05,68.0,91.0,0.0,0.0,1024.3,0.0,-9.8,IDRSING3
280,-5.0,0.0,0.0,2020-01-01 22:20:09,68.0,91.0,0.0,0.0,1024.3,0.0,-10.0,IDRSING3
281,-4.9,0.0,0.0,2020-01-01 22:25:13,68.0,91.0,0.0,0.0,1024.6,0.0,-9.9,IDRSING3
282,-4.8,0.0,0.0,2020-01-01 22:30:01,68.0,91.0,0.0,0.0,1024.6,0.0,-9.8,IDRSING3
283,-4.7,0.0,0.0,2020-01-01 22:35:05,68.0,91.0,0.0,0.0,1024.6,0.0,-9.7,IDRSING3
284,-5.0,0.0,0.0,2020-01-01 22:40:09,68.0,91.0,0.0,0.0,1024.6,0.0,-10.0,IDRSING3
285,-5.0,0.0,0.0,2020-01-01 22:45:13,68.0,91.0,0.0,0.0,1024.3,0.0,-10.0,IDRSING3
286,-4.9,0.0,0.0,2020-01-01 22:50:01,68.0,91.0,0.0,0.0,1024.3,0.0,-9.9,IDRSING3
287,-5.1,0.0,0.0,2020-01-01 22:55:05,68.0,91.0,0.0,0.0,1024.3,0.0,-10.1,IDRSING3
288,-5.5,0.0,0.0,2020-01-01 23:00:09,68.0,91.0,0.0,0.0,1024.3,0.0,-10.5,IDRSING3
289,-5.7,0.0,0.0,2020-01-01 23:05:13,68.0,91.0,0.0,0.0,1024.3,0.0,-10.7,IDRSING3
290,-5.6,0.0,0.0,2020-01-01 23:10:01,68.0,91.0,0.0,0.0,1024.3,0.0,-10.6,IDRSING3
291,-5.4,0.0,0.0,2020-01-01 23:15:05,67.0,91.0,0.0,0.0,1024.3,0.0,-10.6,IDRSING3
292,-5.4,0.0,0.0,2020-01-01 23:20:09,67.0,91.0,0.0,0.0,1024.3,0.0,-10.6,IDRSING3
293,-5.6,0.0,0.0,2020-01-01 23:25:13,68.0,91.0,0.0,0.0,1024.3,0.0,-10.6,IDRSING3
294,-5.4,0.0,0.0,2020-01-01 23:30:01,67.0,91.0,0.0,0.0,1024.3,0.0,-10.6,IDRSING3
295,-5.4,0.0,0.0,2020-01-01 23:35:21,68.0,91.0,0.0,0.0,1024.6,0.0,-10.4,IDRSING3
296,-5.5,0.0,0.0,2020-01-01 23:40:09,67.0,91.0,0.0,0.0,1024.3,0.0,-10.7,IDRSING3
297,-5.4,0.0,0.0,2020-01-01 23:45:13,67.0,78.0,0.0,0.0,1024.3,0.0,-10.6,IDRSING3
298,-5.3,0.0,0.0,2020-01-01 23:50:01,67.0,78.0,0.0,0.0,1024.3,0.0,-10.5,IDRSING3
299,-5.3,0.0,0.0,2020-01-01 23:55:31,67.0,78.0,0.0,0.0,1024.3,0.0,-10.5,IDRSING3
300,-5.4,0.0,0.0,2020-01-02 00:00:31,67.0,78.0,0.0,0.0,1024.3,0.0,-10.6,IDRSING3
301,-5.6,0.0,0.0,2020-01-02 00:05:35,67.0,78.0,0.0,0.0,1024.3,0.0,-10.8,IDRSING3
302,-5.4,0.0,0.0,2020-01-02 00:10:39,67.0,78.0,0.3,1.8,1024.3,0.0,-10.6,IDRSING3
303,-5.0,0.0,0.0,2020-01-02 00:15:31,67.0,66.0,0.0,0.0,1024.3,0.0,-10.2,IDRSING3
304,-4.9,0.0,0.0,2020-01-02 00:20:31,67.0,67.0,0.0,0.0,1024.3,0.0,-10.1,IDRSING3
305,-4.9,0.0,0.0,2020-01-02 00:25:35,67.0,83.0,0.0,0.0,1024.3,0.0,-10.1,IDRSING3
306,-5.0,0.0,0.0,2020-01-02 00:30:39,67.0,78.0,0.0,0.0,1024.3,0.0,-10.2,IDRSING3
307,-5.1,0.0,0.0,2020-01-02 00:35:22,67.0,65.0,0.0,0.0,1024.3,0.0,-10.3,IDRSING3
308,-5.3,0.0,0.0,2020-01-02 00:40:10,67.0,115.0,0.0,0.0,1024.3,0.0,-10.5,IDRSING3
309,-5.7,0.0,0.0,2020-01-02 00:45:14,67.0,115.0,0.0,0.0,1024.3,0.0,-10.9,IDRSING3
310,-5.8,0.0,0.0,2020-01-02 00:50:02,67.0,98.0,0.0,0.0,1024.3,0.0,-11.0,IDRSING3
311,-5.7,0.0,0.0,2020-01-02 00:55:06,67.0,78.0,0.0,0.0,1024.3,0.0,-10.9,IDRSING3
312,-5.6,0.0,0.0,2020-01-02 01:00:10,67.0,78.0,0.0,0.0,1024.3,0.0,-10.8,IDRSING3
313,-5.7,0.0,0.0,2020-01-02 01:05:14,67.0,79.0,0.0,0.0,1024.3,0.0,-10.9,IDRSING3
314,-5.6,0.0,0.0,2020-01-02 01:10:02,67.0,59.0,0.0,0.0,1024.3,0.0,-10.8,IDRSING3
315,-5.5,0.0,0.0,2020-01-02 01:15:06,66.0,45.0,0.0,0.0,1024.3,0.0,-10.9,IDRSING3
316,-5.4,0.0,0.0,2020-01-02 01:20:10,66.0,74.0,0.0,0.0,1024.3,0.0,-10.8,IDRSING3
317,-5.3,0.0,0.0,2020-01-02 01:25:14,66.0,45.0,0.0,0.0,1024.3,0.0,-10.7,IDRSING3
318,-5.3,0.0,0.0,2020-01-02 01:30:02,66.0,45.0,0.0,0.0,1023.9,0.0,-10.7,IDRSING3
319,-5.2,0.0,0.0,2020-01-02 01:35:06,66.0,81.0,0.0,0.0,1024.3,0.0,-10.6,IDRSING3
320,-5.5,0.0,0.0,2020-01-02 01:40:10,66.0,81.0,0.0,0.0,1023.9,0.0,-10.9,IDRSING3
321,-5.6,0.0,0.0,2020-01-02 01:45:14,66.0,86.0,1.1,1.8,1024.3,0.0,-11.0,IDRSING3
322,-5.6,0.0,0.0,2020-01-02 01:50:02,66.0,100.0,1.4,1.8,1024.3,0.0,-11.0,IDRSING3
323,-5.9,0.0,0.0,2020-01-02 01:55:06,66.0,69.0,0.3,1.8,1023.9,0.0,-11.3,IDRSING3
324,-6.2,0.0,0.0,2020-01-02 02:00:10,66.0,64.0,0.0,0.0,1024.3,0.0,-11.5,IDRSING3
325,-6.3,0.0,0.0,2020-01-02 02:05:14,66.0,84.0,0.0,0.0,1024.3,0.0,-11.6,IDRSING3
326,-6.4,0.0,0.0,2020-01-02 02:10:02,66.0,83.0,0.0,0.0,1024.3,0.0,-11.7,IDRSING3
327,-6.4,0.0,0.0,2020-01-02 02:15:06,66.0,83.0,0.0,0.0,1024.3,0.0,-11.7,IDRSING3
328,-6.5,0.0,0.0,2020-01-02 02:20:10,66.0,83.0,0.0,0.0,1024.3,0.0,-11.8,IDRSING3
329,-6.3,0.0,0.0,2020-01-02 02:25:14,66.0,83.0,0.0,0.0,1024.3,0.0,-11.6,IDRSING3
330,-5.9,0.0,0.0,2020-01-02 02:30:02,66.0,83.0,0.0,0.0,1024.3,0.0,-11.3,IDRSING3
331,-5.8,0.0,0.0,2020-01-02 02:35:06,66.0,79.0,0.0,0.0,1024.3,0.0,-11.2,IDRSING3
332,-5.7,0.0,0.0,2020-01-02 02:40:10,66.0,68.0,0.3,1.8,1024.3,0.0,-11.1,IDRSING3
333,-5.9,0.0,0.0,2020-01-02 02:45:14,66.0,83.0,0.3,1.8,1024.3,0.0,-11.3,IDRSING3
334,-5.7,0.0,0.0,2020-01-02 02:50:02,66.0,69.0,0.0,0.0,1024.3,0.0,-11.1,IDRSING3
335,-5.9,0.0,0.0,2020-01-02 02:55:06,66.0,84.0,0.0,0.0,1024.3,0.0,-11.3,IDRSING3
336,-6.4,0.0,0.0,2020-01-02 03:00:10,66.0,83.0,0.0,0.0,1023.9,0.0,-11.7,IDRSING3
337,-6.7,0.0,0.0,2020-01-02 03:05:14,66.0,83.0,0.0,0.0,1023.9,0.0,-12.0,IDRSING3
338,-6.8,0.0,0.0,2020-01-02 03:10:02,66.0,83.0,0.0,0.0,1024.3,0.0,-12.1,IDRSING3
339,-6.8,0.0,0.0,2020-01-02 03:15:06,66.0,83.0,0.0,0.0,1023.9,0.0,-12.1,IDRSING3
340,-6.7,0.0,0.0,2020-01-02 03:20:10,66.0,84.0,0.0,0.0,1023.9,0.0,-12.0,IDRSING3
341,-6.4,0.0,0.0,2020-01-02 03:25:14,66.0,84.0,0.6,1.8,1024.3,0.0,-11.7,IDRSING3
342,-6.1,0.0,0.0,2020-01-02 03:30:02,66.0,83.0,0.0,0.0,1024.3,0.0,-11.5,IDRSING3
343,-6.2,0.0,0.0,2020-01-02 03:35:06,66.0,83.0,0.0,0.0,1023.9,0.0,-11.5,IDRSING3
344,-6.2,0.0,0.0,2020-01-02 03:40:10,66.0,83.0,0.0,0.0,1023.9,0.0,-11.5,IDRSING3
345,-6.3,0.0,0.0,2020-01-02 03:45:14,66.0,83.0,0.0,0.0,1023.9,0.0,-11.6,IDRSING3
346,-6.3,0.0,0.0,2020-01-02 03:50:02,66.0,83.0,0.0,0.0,1023.9,0.0,-11.6,IDRSING3
347,-6.1,0.0,0.0,2020-01-02 03:55:06,66.0,83.0,0.0,0.0,1023.9,0.0,-11.5,IDRSING3
348,-6.0,0.0,0.0,2020-01-02 04:00:10,66.0,83.0,0.0,0.0,1023.9,0.0,-11.4,IDRSING3
349,-6.1,0.0,0.0,2020-01-02 04:05:14,66.0,83.0,0.0,0.0,1023.9,0.0,-11.5,IDRSING3
350,-6.2,0.0,0.0,2020-01-02 04:10:02,66.0,83.0,0.0,0.0,1023.9,0.0,-11.5,IDRSING3
351,-6.1,0.0,0.0,2020-01-02 04:15:06,66.0,83.0,0.0,0.0,1023.6,0.0,-11.5,IDRSING3
352,-6.3,0.0,0.0,2020-01-02 04:20:10,66.0,79.0,0.0,0.0,1023.9,0.0,-11.6,IDRSING3
353,-6.4,0.0,0.0,2020-01-02 04:25:14,66.0,79.0,0.0,0.0,1023.9,0.0,-11.7,IDRSING3
354,-6.6,0.0,0.0,2020-01-02 04:30:02,66.0,80.0,0.0,0.0,1023.9,0.0,-11.9,IDRSING3
355,-6.8,0.0,0.0,2020-01-02 04:35:06,67.0,79.0,0.0,0.0,1023.9,0.0,-11.9,IDRSING3
356,-6.6,0.0,0.0,2020-01-02 04:40:10,66.0,79.0,0.0,0.0,1023.9,0.0,-11.9,IDRSING3
357,-6.5,0.0,0.0,2020-01-02 04:45:14,66.0,28.0,1.4,1.8,1023.9,0.0,-11.8,IDRSING3
358,-6.2,0.0,0.0,2020-01-02 04:50:02,66.0,38.0,1.4,1.8,1023.9,0.0,-11.5,IDRSING3
359,-6.2,0.0,0.0,2020-01-02 04:55:06,66.0,69.0,0.0,0.0,1023.9,0.0,-11.5,IDRSING3
360,-6.1,0.0,0.0,2020-01-02 05:00:10,66.0,28.0,1.8,1.8,1023.9,0.0,-11.5,IDRSING3
361,-6.1,0.0,0.0,2020-01-02 05:05:14,66.0,315.0,3.5,3.5,1023.6,0.0,-11.5,IDRSING3
362,-6.1,0.0,0.0,2020-01-02 05:10:02,67.0,44.0,1.4,1.8,1023.6,0.0,-11.3,IDRSING3
363,-6.1,0.0,0.0,2020-01-02 05:15:06,67.0,6.0,1.4,1.8,1023.6,0.0,-11.3,IDRSING3
364,-6.0,0.0,0.0,2020-01-02 05:20:10,67.0,19.0,1.8,1.8,1023.6,0.0,-11.2,IDRSING3
365,-6.0,0.0,0.0,2020-01-02 05:25:14,67.0,0.0,1.8,1.8,1023.6,0.0,-11.2,IDRSING3
366,-5.9,0.0,0.0,2020-01-02 05:30:02,67.0,9.0,1.8,1.8,1023.6,0.0,-11.1,IDRSING3
367,-5.8,0.0,0.0,2020-01-02 05:35:06,67.0,32.0,1.4,1.8,1023.2,0.0,-11.0,IDRSING3
368,-5.5,0.0,0.0,2020-01-02 05:40:10,67.0,315.0,1.1,1.8,1023.2,0.0,-10.7,IDRSING3
369,-5.4,0.0,0.0,2020-01-02 05:45:14,67.0,306.0,2.6,3.5,1023.2,0.0,-10.6,IDRSING3
370,-5.4,0.0,0.0,2020-01-02 05:50:02,67.0,46.0,0.0,0.0,1023.2,0.0,-10.6,IDRSING3
371,-5.3,0.0,0.0,2020-01-02 05:55:06,67.0,66.0,0.0,0.0,1023.2,0.0,-10.5,IDRSING3
372,-5.3,0.0,0.0,2020-01-02 06:00:10,67.0,67.0,0.0,0.0,1023.2,0.0,-10.5,IDRSING3
373,-5.3,0.0,0.0,2020-01-02 06:05:14,67.0,66.0,0.0,0.0,1023.6,0.0,-10.5,IDRSING3
374,-5.3,0.0,0.0,2020-01-02 06:10:02,67.0,53.0,0.0,0.0,1023.2,0.0,-10.5,IDRSING3
375,-5.3,0.0,0.0,2020-01-02 06:15:06,67.0,67.0,0.0,0.0,1023.2,0.0,-10.5,IDRSING3
376,-5.4,0.0,0.0,2020-01-02 06:20:10,68.0,68.0,0.0,0.0,1023.2,0.0,-10.4,IDRSING3
377,-5.5,0.0,0.0,2020-01-02 06:25:14,68.0,68.0,0.0,0.0,1023.2,0.0,-10.5,IDRSING3
378,-5.6,0.0,0.0,2020-01-02 06:30:02,68.0,68.0,0.0,0.0,1022.9,0.0,-10.6,IDRSING3
379,-5.6,0.0,0.0,2020-01-02 06:35:06,68.0,68.0,0.0,0.0,1022.9,0.0,-10.6,IDRSING3
380,-5.7,0.0,0.0,2020-01-02 06:40:10,68.0,68.0,0.0,0.0,1023.2,0.0,-10.7,IDRSING3
381,-5.7,0.0,0.0,2020-01-02 06:45:14,68.0,68.0,0.0,0.0,1022.9,0.0,-10.7,IDRSING3
382,-5.7,0.0,0.0,2020-01-02 06:50:02,68.0,68.0,0.0,0.0,1023.2,1.71,-10.7,IDRSING3
383,-5.8,0.0,0.0,2020-01-02 06:55:06,68.0,92.0,0.3,1.8,1023.2,2.57,-10.8,IDRSING3
384,-5.8,0.0,0.0,2020-01-02 07:00:10,68.0,103.0,0.0,0.0,1023.6,4.77,-10.8,IDRSING3
385,-6.0,0.0,0.0,2020-01-02 07:05:14,68.0,73.0,0.0,0.0,1023.6,5.99,-11.0,IDRSING3
386,-6.0,0.0,0.0,2020-01-02 07:10:02,68.0,73.0,0.0,0.0,1023.6,7.7,-11.0,IDRSING3
387,-5.9,0.0,0.0,2020-01-02 07:15:06,68.0,84.0,0.0,0.0,1023.9,9.05,-10.9,IDRSING3
388,-5.8,0.0,0.0,2020-01-02 07:20:10,68.0,73.0,0.0,0.0,1023.6,10.77,-10.8,IDRSING3
389,-5.6,0.0,0.0,2020-01-02 07:25:14,68.0,68.0,0.0,0.0,1023.9,13.33,-10.6,IDRSING3
390,-5.5,0.0,0.0,2020-01-02 07:30:02,68.0,79.0,0.0,0.0,1023.9,14.68,-10.5,IDRSING3
391,-5.5,0.0,0.0,2020-01-02 07:35:06,68.0,82.0,0.0,0.0,1023.9,16.39,-10.5,IDRSING3
392,-5.4,0.0,0.0,2020-01-02 07:40:10,68.0,79.0,0.0,0.0,1023.6,19.08,-10.4,IDRSING3
393,-5.4,0.0,0.0,2020-01-02 07:45:14,68.0,70.0,0.0,0.0,1023.9,22.02,-10.4,IDRSING3
394,-5.3,0.0,0.0,2020-01-02 07:50:02,68.0,71.0,0.3,1.8,1023.6,24.71,-10.3,IDRSING3
395,-5.2,0.0,0.0,2020-01-02 07:55:06,68.0,69.0,0.0,0.0,1023.6,25.56,-10.2,IDRSING3
396,-5.3,0.0,0.0,2020-01-02 08:00:10,68.0,80.0,0.0,0.0,1023.9,27.28,-10.3,IDRSING3
397,-5.1,0.0,0.0,2020-01-02 08:05:14,68.0,69.0,0.0,0.0,1023.9,29.85,-10.1,IDRSING3
398,-5.1,0.0,0.0,2020-01-02 08:10:02,68.0,4.0,1.1,1.8,1023.9,34.25,-10.1,IDRSING3
399,-5.1,0.0,0.0,2020-01-02 08:15:06,68.0,20.0,1.8,1.8,1023.2,35.97,-10.1,IDRSING3
400,-5.0,0.0,0.0,2020-01-02 08:20:10,68.0,69.0,0.0,0.0,1023.6,39.02,-10.0,IDRSING3
401,-5.0,0.0,0.0,2020-01-02 08:25:14,67.0,29.0,1.8,1.8,1023.6,45.02,-10.2,IDRSING3
402,-4.8,0.0,0.0,2020-01-02 08:30:02,68.0,352.0,2.6,3.5,1023.6,43.31,-9.8,IDRSING3
403,-4.8,0.0,0.0,2020-01-02 08:35:06,67.0,77.0,0.0,0.0,1023.6,43.31,-10.0,IDRSING3
404,-4.6,0.0,0.0,2020-01-02 08:40:10,67.0,60.0,1.8,1.8,1023.6,50.65,-9.8,IDRSING3
405,-4.7,0.0,0.0,2020-01-02 08:45:14,67.0,50.0,0.0,0.0,1023.9,46.36,-9.9,IDRSING3
406,-4.6,0.0,0.0,2020-01-02 08:50:02,67.0,50.0,1.8,1.8,1023.9,52.48,-9.8,IDRSING3
407,-4.5,0.0,0.0,2020-01-02 08:55:06,67.0,317.0,1.4,1.8,1023.9,53.34,-9.7,IDRSING3
408,-4.4,0.0,0.0,2020-01-02 09:00:10,67.0,34.0,1.8,1.8,1023.9,51.5,-9.6,IDRSING3
409,-4.3,0.0,0.0,2020-01-02 09:05:36,67.0,58.0,0.0,0.0,1023.6,63.24,-9.5,IDRSING3
410,-4.2,0.0,0.0,2020-01-02 09:10:02,67.0,60.0,1.8,1.8,1023.6,62.02,-9.5,IDRSING3
411,-4.0,0.0,0.0,2020-01-02 09:15:31,67.0,358.0,0.3,1.8,1023.6,61.17,-9.3,IDRSING3
412,-4.0,0.0,0.0,2020-01-02 09:20:32,67.0,4.0,0.3,1.8,1023.9,57.62,-9.3,IDRSING3
413,-4.1,0.0,0.0,2020-01-02 09:25:36,67.0,25.0,0.3,1.8,1023.6,63.73,-9.4,IDRSING3
414,-4.1,0.0,0.0,2020-01-02 09:30:31,67.0,25.0,0.3,1.8,1023.9,63.73,-9.4,IDRSING3
415,-17.8,0.0,0.0,2020-01-02 09:36:32,-32768.0,-32768.0,0.0,-1607.4,1023.2,,-17.8,IDRSING3
416,-17.8,0.0,0.0,2020-01-02 09:40:32,-32768.0,-32768.0,0.0,-1607.4,1023.6,,-17.8,IDRSING3
417,-17.8,0.0,0.0,2020-01-02 09:45:36,-32768.0,-32768.0,0.0,-1607.4,1023.2,,-17.8,IDRSING3
418,-17.8,0.0,0.0,2020-01-02 09:50:31,-32768.0,-32768.0,0.0,-1607.4,1023.2,,-17.8,IDRSING3
419,-17.8,0.0,0.0,2020-01-02 09:55:31,-32768.0,-32768.0,0.0,-1607.4,1023.2,,-17.8,IDRSING3
420,-17.8,0.0,0.0,2020-01-02 10:00:32,-32768.0,-32768.0,0.0,-1607.4,1023.2,,-17.8,IDRSING3
421,-3.7,0.0,0.0,2020-01-02 10:05:36,68.0,46.0,1.8,1.8,1023.2,71.07,-8.8,IDRSING3
422,-3.8,0.0,0.0,2020-01-02 10:10:02,68.0,276.0,2.1,3.5,1022.9,85.88,-8.9,IDRSING3
423,-3.6,0.0,0.0,2020-01-02 10:15:31,68.0,15.0,1.1,1.8,1023.2,74.5,-8.7,IDRSING3
424,-3.6,0.0,0.0,2020-01-02 10:20:26,68.0,336.0,2.9,3.5,1023.2,81.1,-8.7,IDRSING3
425,-3.5,0.0,0.0,2020-01-02 10:25:14,68.0,68.0,0.0,0.0,1023.2,76.34,-8.6,IDRSING3
426,-3.5,0.0,0.0,2020-01-02 10:30:02,68.0,254.0,2.6,3.5,1022.9,82.82,-8.6,IDRSING3
427,-3.4,0.0,0.0,2020-01-02 10:35:06,68.0,42.0,1.1,1.8,1022.9,78.05,-8.5,IDRSING3
428,-3.5,0.0,0.0,2020-01-02 10:40:26,68.0,41.0,0.0,0.0,1022.6,83.68,-8.6,IDRSING3
429,-3.4,0.0,0.0,2020-01-02 10:45:14,68.0,34.0,0.3,1.8,1022.9,90.16,-8.5,IDRSING3
430,-3.3,0.0,0.0,2020-01-02 10:50:02,68.0,5.0,2.1,3.5,1022.6,85.02,-8.4,IDRSING3
431,-3.3,0.0,0.0,2020-01-02 10:55:06,68.0,27.0,0.0,0.0,1022.9,98.85,-8.4,IDRSING3
432,-3.1,0.0,0.0,2020-01-02 11:00:26,68.0,58.0,1.1,1.8,1022.6,85.02,-8.2,IDRSING3
433,-3.2,0.0,0.0,2020-01-02 11:05:14,68.0,289.0,2.1,3.5,1022.6,92.73,-8.3,IDRSING3
434,-3.1,0.0,0.0,2020-01-02 11:10:02,68.0,349.0,0.0,0.0,1022.6,84.04,-8.2,IDRSING3
435,-2.8,0.0,0.0,2020-01-02 11:15:06,68.0,20.0,1.1,1.8,1022.6,71.56,-7.9,IDRSING3
436,-3.0,0.0,0.0,2020-01-02 11:20:26,68.0,28.0,2.1,3.5,1022.2,55.41,-8.1,IDRSING3
437,-3.1,0.0,0.0,2020-01-02 11:25:14,68.0,352.0,0.3,1.8,1022.6,64.96,-8.2,IDRSING3
438,-2.9,0.0,0.0,2020-01-02 11:30:02,68.0,3.0,1.4,1.8,1022.2,74.14,-8.0,IDRSING3
439,-2.9,0.0,0.0,2020-01-02 11:35:06,68.0,43.0,0.0,0.0,1021.9,78.9,-8.0,IDRSING3
440,-2.9,0.0,0.0,2020-01-02 11:40:26,68.0,5.0,1.1,1.8,1022.2,83.19,-8.0,IDRSING3
441,-2.7,0.0,0.0,2020-01-02 11:45:14,68.0,60.0,0.3,1.8,1022.2,94.93,-7.8,IDRSING3
442,-2.6,0.0,0.0,2020-01-02 11:50:02,68.0,58.0,0.0,0.0,1021.6,91.51,-7.7,IDRSING3
443,-2.6,0.0,0.0,2020-01-02 11:55:06,68.0,32.0,0.3,1.8,1021.9,84.04,-7.7,IDRSING3
444,-2.6,0.0,0.0,2020-01-02 12:00:26,68.0,281.0,0.0,0.0,1021.9,59.33,-7.7,IDRSING3
445,-2.7,0.0,0.0,2020-01-02 12:05:14,69.0,61.0,0.0,0.0,1022.2,50.65,-7.6,IDRSING3
446,-2.6,0.0,0.0,2020-01-02 12:10:02,69.0,303.0,1.4,1.8,1021.9,60.68,-7.5,IDRSING3
447,-2.6,0.0,0.0,2020-01-02 12:15:06,69.0,2.0,0.0,0.0,1021.9,53.7,-7.5,IDRSING3
448,-2.7,0.0,0.0,2020-01-02 12:20:26,69.0,344.0,1.4,1.8,1021.9,59.82,-7.6,IDRSING3
449,-2.7,0.0,0.0,2020-01-02 12:25:14,69.0,353.0,1.4,1.8,1021.6,51.5,-7.6,IDRSING3
450,-2.6,0.0,0.0,2020-01-02 12:30:02,69.0,9.0,3.5,3.5,1021.6,53.7,-7.5,IDRSING3
451,-2.6,0.0,0.0,2020-01-02 12:35:06,69.0,53.0,0.3,1.8,1021.6,57.62,-7.5,IDRSING3
452,-2.5,0.0,0.0,2020-01-02 12:40:10,69.0,344.0,2.1,3.5,1021.2,67.16,-7.4,IDRSING3
453,-2.5,0.0,0.0,2020-01-02 12:45:14,69.0,343.0,2.1,3.5,1021.6,71.07,-7.4,IDRSING3
454,-2.4,0.0,0.0,2020-01-02 12:50:02,69.0,315.0,2.9,3.5,1021.2,71.56,-7.3,IDRSING3
455,-2.5,0.0,0.0,2020-01-02 12:55:06,69.0,57.0,0.3,1.8,1021.2,68.51,-7.4,IDRSING3
456,-2.5,0.0,0.0,2020-01-02 13:00:26,69.0,56.0,1.1,1.8,1021.2,67.65,-7.4,IDRSING3
457,-2.2,0.0,0.0,2020-01-02 13:05:14,69.0,354.0,3.5,3.5,1021.2,61.17,-7.1,IDRSING3
458,-2.3,0.0,0.0,2020-01-02 13:10:02,69.0,325.0,4.3,5.5,1021.2,62.39,-7.2,IDRSING3
459,-2.4,0.0,0.0,2020-01-02 13:15:06,69.0,10.0,1.8,1.8,1020.9,56.76,-7.3,IDRSING3
460,-2.3,0.0,0.0,2020-01-02 13:20:26,70.0,36.0,1.4,1.8,1021.2,50.28,-7.1,IDRSING3
461,-2.4,0.0,0.0,2020-01-02 13:25:14,70.0,359.0,3.2,3.5,1021.2,41.96,-7.1,IDRSING3
462,-2.4,0.0,0.0,2020-01-02 13:30:02,70.0,67.0,0.0,0.0,1021.2,47.22,-7.1,IDRSING3
463,-2.3,0.0,0.0,2020-01-02 13:35:06,70.0,339.0,2.6,3.5,1020.9,41.1,-7.1,IDRSING3
464,-2.3,0.0,0.0,2020-01-02 13:40:26,70.0,11.0,0.3,1.8,1021.2,35.97,-7.1,IDRSING3
465,-2.3,0.0,0.0,2020-01-02 13:45:14,70.0,32.0,1.8,1.8,1021.2,32.9,-7.1,IDRSING3
466,-2.3,0.0,0.0,2020-01-02 13:50:02,70.0,331.0,3.2,3.5,1020.9,30.7,-7.1,IDRSING3
467,-2.3,0.0,0.0,2020-01-02 13:55:06,70.0,4.0,0.6,1.8,1021.2,26.79,-7.1,IDRSING3
468,-2.1,0.0,0.0,2020-01-02 14:00:26,70.0,57.0,0.0,0.0,1021.2,26.42,-6.9,IDRSING3
469,-1.9,0.0,0.0,2020-01-02 14:05:14,70.0,26.0,0.3,1.8,1020.9,22.02,-6.7,IDRSING3
470,-1.9,0.0,0.0,2020-01-02 14:10:02,70.0,324.0,1.1,1.8,1020.9,23.36,-6.7,IDRSING3
471,-1.8,0.0,0.0,2020-01-02 14:15:06,70.0,332.0,0.0,0.0,1020.9,20.31,-6.6,IDRSING3
472,-1.9,0.0,0.0,2020-01-02 14:20:26,70.0,338.0,1.8,1.8,1020.9,18.6,-6.7,IDRSING3
473,-2.0,0.0,0.0,2020-01-02 14:25:14,71.0,6.0,1.1,1.8,1020.5,15.53,-6.6,IDRSING3
474,-2.0,0.0,0.0,2020-01-02 14:30:02,71.0,334.0,1.4,1.8,1020.5,14.68,-6.6,IDRSING3
475,-2.1,0.0,0.0,2020-01-02 14:35:06,71.0,30.0,1.8,1.8,1020.5,12.48,-6.7,IDRSING3
476,-2.2,0.0,0.0,2020-01-02 14:40:26,71.0,24.0,1.1,1.8,1020.5,9.91,-6.8,IDRSING3
477,-2.3,0.0,0.0,2020-01-02 14:45:14,71.0,298.0,1.8,1.8,1020.2,5.99,-6.9,IDRSING3
478,-2.4,0.0,0.0,2020-01-02 14:50:02,71.0,282.0,2.1,3.5,1020.5,5.14,-7.0,IDRSING3
479,-2.5,0.0,0.0,2020-01-02 14:55:06,71.0,268.0,1.1,1.8,1020.5,3.43,-7.1,IDRSING3
480,-2.5,0.0,0.0,2020-01-02 15:00:26,71.0,330.0,1.8,1.8,1020.5,2.94,-7.1,IDRSING3
481,-2.5,0.0,0.0,2020-01-02 15:05:14,71.0,291.0,1.4,1.8,1020.5,0.85,-7.1,IDRSING3
482,-2.6,0.0,0.0,2020-01-02 15:10:02,71.0,276.0,2.1,3.5,1020.2,0.0,-7.2,IDRSING3
483,-2.7,0.0,0.0,2020-01-02 15:15:06,71.0,330.0,2.1,3.5,1020.2,0.0,-7.3,IDRSING3
484,-2.7,0.0,0.0,2020-01-02 15:20:26,71.0,1.0,1.4,1.8,1020.2,0.0,-7.3,IDRSING3
485,-2.8,0.0,0.0,2020-01-02 15:25:14,71.0,263.0,2.6,3.5,1020.2,0.0,-7.4,IDRSING3
486,-3.0,0.0,0.0,2020-01-02 15:30:02,72.0,242.0,0.0,0.0,1020.2,0.0,-7.4,IDRSING3
487,-2.8,0.0,0.0,2020-01-02 15:35:06,72.0,198.0,1.8,1.8,1020.2,0.0,-7.2,IDRSING3
488,-2.9,0.0,0.0,2020-01-02 15:40:26,72.0,206.0,1.4,1.8,1020.2,0.0,-7.3,IDRSING3
489,-3.0,0.0,0.0,2020-01-02 15:45:14,72.0,200.0,0.3,1.8,1020.2,0.0,-7.4,IDRSING3
490,-3.0,0.0,0.0,2020-01-02 15:50:02,72.0,164.0,0.0,0.0,1020.2,0.0,-7.4,IDRSING3
491,-3.1,0.0,0.0,2020-01-02 15:55:06,72.0,80.0,0.0,0.0,1020.2,0.0,-7.5,IDRSING3
492,-3.2,0.0,0.0,2020-01-02 16:00:26,71.0,67.0,0.0,0.0,1020.2,0.0,-7.7,IDRSING3
493,-3.2,0.0,0.0,2020-01-02 16:05:14,71.0,66.0,0.0,0.0,1020.2,0.0,-7.7,IDRSING3
494,-3.2,0.0,0.0,2020-01-02 16:10:02,71.0,27.0,0.0,0.0,1020.2,0.0,-7.7,IDRSING3
495,-3.2,0.0,0.0,2020-01-02 16:15:06,71.0,66.0,0.0,0.0,1020.2,0.0,-7.7,IDRSING3
496,-3.3,0.0,0.0,2020-01-02 16:20:26,71.0,65.0,0.0,0.0,1020.2,0.0,-7.8,IDRSING3
497,-3.3,0.0,0.0,2020-01-02 16:25:14,71.0,67.0,0.0,0.0,1020.2,0.0,-7.8,IDRSING3
498,-3.3,0.0,0.0,2020-01-02 16:30:02,71.0,199.0,1.8,1.8,1020.2,0.0,-7.8,IDRSING3
499,-3.4,0.0,0.0,2020-01-02 16:35:06,71.0,256.0,1.8,1.8,1019.9,0.0,-7.9,IDRSING3
500,-3.5,0.0,0.0,2020-01-02 16:40:10,71.0,8.0,1.1,1.8,1020.2,0.0,-8.0,IDRSING3
501,-3.6,0.0,0.0,2020-01-02 16:45:14,71.0,301.0,0.0,0.0,1020.2,0.0,-8.1,IDRSING3
502,-3.6,0.0,0.0,2020-01-02 16:50:02,71.0,260.0,1.8,1.8,1019.9,0.0,-8.1,IDRSING3
503,-3.7,0.0,0.0,2020-01-02 16:55:06,71.0,249.0,0.3,1.8,1019.9,0.0,-8.2,IDRSING3
504,-3.8,0.0,0.0,2020-01-02 17:00:26,71.0,46.0,0.0,0.0,1020.2,0.0,-8.3,IDRSING3
505,-3.8,0.0,0.0,2020-01-02 17:05:14,71.0,279.0,2.1,3.5,1019.9,0.0,-8.3,IDRSING3
506,-3.9,0.0,0.0,2020-01-02 17:10:02,71.0,44.0,0.0,0.0,1019.9,0.0,-8.4,IDRSING3
507,-4.0,0.0,0.0,2020-01-02 17:15:31,70.0,34.0,0.0,0.0,1019.9,0.0,-8.7,IDRSING3
508,-4.0,0.0,0.0,2020-01-02 17:20:32,70.0,46.0,0.0,0.0,1019.9,0.0,-8.7,IDRSING3
509,-4.0,0.0,0.0,2020-01-02 17:25:36,70.0,46.0,0.0,0.0,1019.9,0.0,-8.7,IDRSING3
510,-17.8,0.0,0.0,2020-01-02 17:31:31,-32768.0,-32768.0,0.0,-1607.4,1019.9,,-17.8,IDRSING3
511,-4.2,0.0,0.0,2020-01-02 17:35:31,70.0,69.0,0.0,0.0,1019.9,0.0,-8.9,IDRSING3
512,-4.2,0.0,0.0,2020-01-02 17:40:32,70.0,69.0,0.0,0.0,1020.5,0.0,-8.9,IDRSING3
513,-17.8,0.0,0.0,2020-01-02 17:46:31,-32768.0,-32768.0,0.0,-1607.4,1020.2,,-17.8,IDRSING3
514,-17.8,0.0,0.0,2020-01-02 17:50:31,-32768.0,-32768.0,0.0,-1607.4,1020.2,,-17.8,IDRSING3
515,-17.8,0.0,0.0,2020-01-02 17:55:31,-32768.0,-32768.0,0.0,-1607.4,1020.2,,-17.8,IDRSING3
516,-17.8,0.0,0.0,2020-01-02 18:00:32,-32768.0,-32768.0,0.0,-1607.4,1020.2,,-17.8,IDRSING3
517,-17.8,0.0,0.0,2020-01-02 18:05:36,-32768.0,-32768.0,0.0,-1607.4,1020.2,,-17.8,IDRSING3
518,-17.8,0.0,0.0,2020-01-02 18:10:31,-32768.0,-32768.0,0.0,-1607.4,1020.2,,-17.8,IDRSING3
519,-4.4,0.0,0.0,2020-01-02 18:15:31,70.0,53.0,0.0,0.0,1019.9,0.0,-9.1,IDRSING3
520,-4.4,0.0,0.0,2020-01-02 18:20:32,69.0,69.0,0.0,0.0,1019.9,0.0,-9.3,IDRSING3
521,-4.4,0.0,0.0,2020-01-02 18:25:36,69.0,38.0,0.0,0.0,1019.9,0.0,-9.3,IDRSING3
522,-4.5,0.0,0.0,2020-01-02 18:30:31,69.0,34.0,0.3,1.8,1020.2,0.0,-9.3,IDRSING3
523,-4.6,0.0,0.0,2020-01-02 18:35:22,69.0,345.0,2.9,3.5,1019.9,0.0,-9.4,IDRSING3
524,-4.6,0.0,0.0,2020-01-02 18:40:32,69.0,37.0,1.8,1.8,1019.9,0.0,-9.4,IDRSING3
525,-4.7,0.0,0.0,2020-01-02 18:45:30,69.0,16.0,1.4,1.8,1019.9,0.0,-9.5,IDRSING3
526,-4.7,0.0,0.0,2020-01-02 18:50:31,69.0,29.0,1.8,1.8,1020.2,0.0,-9.5,IDRSING3
527,-4.8,0.0,0.0,2020-01-02 18:55:22,69.0,341.0,1.8,1.8,1019.9,0.0,-9.6,IDRSING3
528,-4.8,0.0,0.0,2020-01-02 19:00:32,69.0,9.0,1.4,1.8,1019.9,0.0,-9.6,IDRSING3
529,-4.8,0.0,0.0,2020-01-02 19:05:36,69.0,46.0,1.1,1.8,1019.9,0.0,-9.6,IDRSING3
530,-4.9,0.0,0.0,2020-01-02 19:10:02,69.0,34.0,0.0,0.0,1019.9,0.0,-9.7,IDRSING3
531,-4.9,0.0,0.0,2020-01-02 19:15:06,69.0,36.0,0.0,0.0,1020.2,0.0,-9.7,IDRSING3
532,-4.9,0.0,0.0,2020-01-02 19:20:10,69.0,50.0,0.0,0.0,1019.9,0.0,-9.7,IDRSING3
533,-5.0,0.0,0.0,2020-01-02 19:25:14,69.0,71.0,1.1,1.8,1019.9,0.0,-9.8,IDRSING3
534,-5.0,0.0,0.0,2020-01-02 19:30:02,69.0,54.0,0.0,0.0,1019.9,0.0,-9.8,IDRSING3
535,-5.0,0.0,0.0,2020-01-02 19:35:06,69.0,67.0,1.8,3.5,1019.9,0.0,-9.8,IDRSING3
536,-5.0,0.0,0.0,2020-01-02 19:40:10,69.0,65.0,0.0,0.0,1019.9,0.0,-9.8,IDRSING3
537,-5.0,0.0,0.0,2020-01-02 19:45:14,69.0,58.0,0.0,0.0,1019.9,0.0,-9.8,IDRSING3
538,-5.1,0.0,0.0,2020-01-02 19:50:02,69.0,68.0,0.0,0.0,1019.9,0.0,-9.9,IDRSING3
539,-5.2,0.0,0.0,2020-01-02 19:55:06,68.0,34.0,0.0,0.0,1019.9,0.0,-10.2,IDRSING3
540,-5.2,0.0,0.0,2020-01-02 20:00:10,68.0,65.0,0.3,1.8,1019.9,0.0,-10.2,IDRSING3
541,-5.3,0.0,0.0,2020-01-02 20:05:14,68.0,61.0,0.0,0.0,1019.9,0.0,-10.3,IDRSING3
542,-5.4,0.0,0.0,2020-01-02 20:10:02,68.0,27.0,1.4,1.8,1019.9,0.0,-10.4,IDRSING3
543,-5.4,0.0,0.0,2020-01-02 20:15:06,68.0,65.0,0.0,0.0,1019.9,0.0,-10.4,IDRSING3
544,-5.5,0.0,0.0,2020-01-02 20:20:10,68.0,351.0,1.1,1.8,1019.9,0.0,-10.5,IDRSING3
545,-5.4,0.0,0.0,2020-01-02 20:25:14,68.0,28.0,1.1,1.8,1020.2,0.0,-10.4,IDRSING3
546,-5.4,0.0,0.0,2020-01-02 20:30:02,68.0,46.0,1.4,1.8,1019.9,0.0,-10.4,IDRSING3
547,-5.5,0.0,0.0,2020-01-02 20:35:06,68.0,58.0,0.0,0.0,1019.9,0.0,-10.5,IDRSING3
548,-5.5,0.0,0.0,2020-01-02 20:40:10,68.0,283.0,1.4,1.8,1019.9,0.0,-10.5,IDRSING3
549,-5.5,0.0,0.0,2020-01-02 20:45:14,68.0,287.0,1.1,1.8,1019.9,0.0,-10.5,IDRSING3
550,-5.6,0.0,0.0,2020-01-02 20:50:03,68.0,11.0,1.1,1.8,1019.9,0.0,-10.6,IDRSING3
551,-5.7,0.0,0.0,2020-01-02 20:55:07,68.0,22.0,1.1,1.8,1019.9,0.0,-10.7,IDRSING3
552,-5.8,0.0,0.0,2020-01-02 21:00:11,68.0,36.0,0.3,1.8,1019.9,0.0,-10.8,IDRSING3
553,-5.9,0.0,0.0,2020-01-02 21:05:15,68.0,46.0,0.0,0.0,1019.9,0.0,-10.9,IDRSING3
554,-6.0,0.0,0.0,2020-01-02 21:10:03,68.0,50.0,0.0,0.0,1019.5,0.0,-11.0,IDRSING3
555,-6.0,0.0,0.0,2020-01-02 21:15:07,68.0,78.0,0.0,0.0,1019.9,0.0,-11.0,IDRSING3
556,-6.0,0.0,0.0,2020-01-02 21:20:11,68.0,84.0,0.0,0.0,1019.9,0.0,-11.0,IDRSING3
557,-6.1,0.0,0.0,2020-01-02 21:25:15,68.0,83.0,0.3,1.8,1019.9,0.0,-11.1,IDRSING3
558,-6.1,0.0,0.0,2020-01-02 21:30:03,68.0,121.0,0.0,0.0,1019.9,0.0,-11.1,IDRSING3
559,-6.2,0.0,0.0,2020-01-02 21:35:07,68.0,86.0,0.0,0.0,1019.5,0.0,-11.2,IDRSING3
560,-6.3,0.0,0.0,2020-01-02 21:40:11,68.0,86.0,0.0,0.0,1019.9,0.0,-11.3,IDRSING3
561,-6.4,0.0,0.0,2020-01-02 21:45:15,68.0,86.0,0.0,0.0,1019.9,0.0,-11.4,IDRSING3
562,-6.5,0.0,0.0,2020-01-02 21:50:03,68.0,86.0,0.0,0.0,1019.5,0.0,-11.5,IDRSING3
563,-6.4,0.0,0.0,2020-01-02 21:55:07,69.0,86.0,0.0,0.0,1019.9,0.0,-11.2,IDRSING3
564,-6.6,0.0,0.0,2020-01-02 22:00:11,69.0,86.0,0.0,0.0,1019.5,0.0,-11.4,IDRSING3
565,-6.8,0.0,0.0,2020-01-02 22:05:15,69.0,86.0,0.0,0.0,1019.5,0.0,-11.6,IDRSING3
566,-6.9,0.0,0.0,2020-01-02 22:10:03,69.0,86.0,0.0,0.0,1019.5,0.0,-11.7,IDRSING3
567,-7.0,0.0,0.0,2020-01-02 22:15:07,69.0,86.0,0.0,0.0,1019.5,0.0,-11.8,IDRSING3
568,-7.1,0.0,0.0,2020-01-02 22:20:11,69.0,86.0,0.0,0.0,1019.9,0.0,-11.9,IDRSING3
569,-6.8,0.0,0.0,2020-01-02 22:25:15,69.0,72.0,0.0,0.0,1019.5,0.0,-11.6,IDRSING3
570,-6.6,0.0,0.0,2020-01-02 22:30:03,69.0,67.0,0.0,0.0,1019.2,0.0,-11.4,IDRSING3
571,-6.8,0.0,0.0,2020-01-02 22:35:07,69.0,67.0,0.0,0.0,1019.2,0.0,-11.6,IDRSING3
572,-7.0,0.0,0.0,2020-01-02 22:40:11,69.0,76.0,0.0,0.0,1019.5,0.0,-11.8,IDRSING3
573,-6.7,0.0,0.0,2020-01-02 22:45:15,69.0,83.0,0.0,0.0,1019.5,0.0,-11.5,IDRSING3
574,-6.8,0.0,0.0,2020-01-02 22:50:03,69.0,82.0,0.0,0.0,1019.5,0.0,-11.6,IDRSING3
575,-7.0,0.0,0.0,2020-01-02 22:55:07,69.0,82.0,0.0,0.0,1019.5,0.0,-11.8,IDRSING3
576,-7.3,0.0,0.0,2020-01-02 23:00:10,70.0,82.0,0.0,0.0,1019.5,0.0,-11.9,IDRSING3
577,-7.4,0.0,0.0,2020-01-02 23:05:14,70.0,82.0,0.0,0.0,1019.5,0.0,-12.0,IDRSING3
578,-7.2,0.0,0.0,2020-01-02 23:10:02,69.0,83.0,0.0,0.0,1019.2,0.0,-11.9,IDRSING3
579,-7.1,0.0,0.0,2020-01-02 23:15:06,70.0,83.0,0.0,0.0,1019.5,0.0,-11.7,IDRSING3
580,-7.1,0.0,0.0,2020-01-02 23:20:10,69.0,83.0,0.0,0.0,1019.2,0.0,-11.9,IDRSING3
581,-7.0,0.0,0.0,2020-01-02 23:25:30,70.0,82.0,0.0,0.0,1019.2,0.0,-11.6,IDRSING3
582,-7.2,0.0,0.0,2020-01-02 23:30:02,70.0,83.0,0.0,0.0,1019.5,0.0,-11.8,IDRSING3
583,-7.5,0.0,0.0,2020-01-02 23:35:06,70.0,83.0,0.0,0.0,1019.2,0.0,-12.1,IDRSING3
584,-7.4,0.0,0.0,2020-01-02 23:40:10,70.0,83.0,0.0,0.0,1019.2,0.0,-12.0,IDRSING3
585,-7.2,0.0,0.0,2020-01-02 23:45:30,70.0,82.0,0.0,0.0,1019.5,0.0,-11.8,IDRSING3
586,-7.4,0.0,0.0,2020-01-02 23:50:02,70.0,82.0,0.0,0.0,1019.2,0.0,-12.0,IDRSING3
587,-7.5,0.0,0.0,2020-01-02 23:55:06,70.0,84.0,0.0,0.0,1019.2,0.0,-12.1,IDRSING3
588,-7.4,0.0,0.0,2020-01-03 00:00:10,70.0,83.0,0.0,0.0,1019.5,0.0,-12.0,IDRSING3
589,-7.5,0.0,0.0,2020-01-03 00:05:14,70.0,83.0,0.0,0.0,1019.2,0.0,-12.1,IDRSING3
590,-7.5,0.0,0.0,2020-01-03 00:10:02,70.0,83.0,0.0,0.0,1019.2,0.0,-12.1,IDRSING3
591,-7.6,0.0,0.0,2020-01-03 00:15:06,70.0,83.0,0.0,0.0,1019.2,0.0,-12.2,IDRSING3
592,-7.5,0.0,0.0,2020-01-03 00:20:10,71.0,83.0,0.3,1.8,1019.2,0.0,-11.9,IDRSING3
593,-7.7,0.0,0.0,2020-01-03 00:25:14,71.0,83.0,0.0,0.0,1018.8,0.0,-12.1,IDRSING3
594,-7.8,0.0,0.0,2020-01-03 00:30:02,71.0,83.0,0.0,0.0,1019.2,0.0,-12.2,IDRSING3
595,-8.0,0.0,0.0,2020-01-03 00:35:06,71.0,82.0,0.0,0.0,1018.8,0.0,-12.4,IDRSING3
596,-7.8,0.0,0.0,2020-01-03 00:40:10,71.0,146.0,0.6,1.8,1019.2,0.0,-12.2,IDRSING3
597,-7.5,0.0,0.0,2020-01-03 00:45:14,71.0,110.0,0.0,0.0,1018.8,0.0,-11.9,IDRSING3
598,-7.4,0.0,0.0,2020-01-03 00:50:02,71.0,46.0,0.0,0.0,1018.8,0.0,-11.8,IDRSING3
599,-7.4,0.0,0.0,2020-01-03 00:55:06,70.0,50.0,0.0,0.0,1018.8,0.0,-12.0,IDRSING3
600,-7.2,0.0,0.0,2020-01-03 01:00:10,70.0,50.0,0.0,0.0,1018.8,0.0,-11.8,IDRSING3
601,-7.3,0.0,0.0,2020-01-03 01:05:14,71.0,50.0,0.0,0.0,1018.8,0.0,-11.7,IDRSING3
602,-7.4,0.0,0.0,2020-01-03 01:10:02,71.0,79.0,0.0,0.0,1018.8,0.0,-11.8,IDRSING3
603,-7.4,0.0,0.0,2020-01-03 01:15:06,71.0,79.0,0.0,0.0,1018.8,0.0,-11.8,IDRSING3
604,-7.6,0.0,0.0,2020-01-03 01:20:10,71.0,79.0,0.0,0.0,1018.8,0.0,-12.0,IDRSING3
605,-7.8,0.0,0.0,2020-01-03 01:25:14,71.0,79.0,0.0,0.0,1018.8,0.0,-12.2,IDRSING3
606,-7.8,0.0,0.0,2020-01-03 01:30:02,71.0,79.0,0.0,0.0,1018.8,0.0,-12.2,IDRSING3
607,-7.9,0.0,0.0,2020-01-03 01:35:06,71.0,79.0,0.0,0.0,1018.8,0.0,-12.3,IDRSING3
608,-8.0,0.0,0.0,2020-01-03 01:40:10,71.0,79.0,0.0,0.0,1019.2,0.0,-12.4,IDRSING3
609,-7.7,0.0,0.0,2020-01-03 01:45:14,71.0,77.0,0.0,0.0,1019.2,0.0,-12.1,IDRSING3
610,-7.6,0.0,0.0,2020-01-03 01:50:02,71.0,76.0,0.0,0.0,1019.2,0.0,-12.0,IDRSING3
611,-7.6,0.0,0.0,2020-01-03 01:55:06,71.0,75.0,0.0,0.0,1018.8,0.0,-12.0,IDRSING3
612,-7.6,0.0,0.0,2020-01-03 02:00:10,71.0,73.0,0.0,0.0,1019.2,0.0,-12.0,IDRSING3
613,-7.6,0.0,0.0,2020-01-03 02:05:14,71.0,77.0,0.0,0.0,1018.8,0.0,-12.0,IDRSING3
614,-7.7,0.0,0.0,2020-01-03 02:10:02,71.0,77.0,0.0,0.0,1018.8,0.0,-12.1,IDRSING3
615,-7.8,0.0,0.0,2020-01-03 02:15:06,71.0,69.0,0.0,0.0,1018.8,0.0,-12.2,IDRSING3
616,-7.7,0.0,0.0,2020-01-03 02:20:10,71.0,69.0,0.0,0.0,1018.8,0.0,-12.1,IDRSING3
617,-7.8,0.0,0.0,2020-01-03 02:25:15,71.0,70.0,0.0,0.0,1018.8,0.0,-12.2,IDRSING3
618,-7.6,0.0,0.0,2020-01-03 02:30:03,71.0,77.0,0.0,0.0,1018.8,0.0,-12.0,IDRSING3
619,-7.5,0.0,0.0,2020-01-03 02:35:07,71.0,77.0,0.0,0.0,1018.5,0.0,-11.9,IDRSING3
620,-7.7,0.0,0.0,2020-01-03 02:40:11,71.0,79.0,0.0,0.0,1018.5,0.0,-12.1,IDRSING3
621,-7.7,0.0,0.0,2020-01-03 02:45:15,71.0,86.0,0.0,0.0,1018.8,0.0,-12.1,IDRSING3
622,-7.9,0.0,0.0,2020-01-03 02:50:03,72.0,86.0,0.0,0.0,1018.5,0.0,-12.1,IDRSING3
623,-8.1,0.0,0.0,2020-01-03 02:55:07,72.0,86.0,0.0,0.0,1018.5,0.0,-12.3,IDRSING3
624,-8.1,0.0,0.0,2020-01-03 03:00:11,72.0,86.0,0.0,0.0,1018.8,0.0,-12.3,IDRSING3
625,-8.2,0.0,0.0,2020-01-03 03:05:15,72.0,86.0,0.0,0.0,1018.5,0.0,-12.4,IDRSING3
626,-7.9,0.0,0.0,2020-01-03 03:10:03,71.0,86.0,0.0,0.0,1018.5,0.0,-12.3,IDRSING3
627,-7.8,0.0,0.0,2020-01-03 03:15:07,72.0,86.0,0.0,0.0,1018.5,0.0,-12.0,IDRSING3
628,-8.0,0.0,0.0,2020-01-03 03:20:11,72.0,86.0,0.0,0.0,1018.5,0.0,-12.2,IDRSING3
629,-8.2,0.0,0.0,2020-01-03 03:25:15,72.0,86.0,0.0,0.0,1018.8,0.0,-12.4,IDRSING3
630,-7.9,0.0,0.0,2020-01-03 03:30:03,72.0,84.0,0.0,0.0,1018.5,0.0,-12.1,IDRSING3
631,-7.9,0.0,0.0,2020-01-03 03:35:07,72.0,83.0,0.0,0.0,1018.8,0.0,-12.1,IDRSING3
632,-8.1,0.0,0.0,2020-01-03 03:40:11,72.0,83.0,0.0,0.0,1018.5,0.0,-12.3,IDRSING3
633,-8.3,0.0,0.0,2020-01-03 03:45:15,72.0,83.0,0.0,0.0,1018.8,0.0,-12.5,IDRSING3
634,-8.4,0.0,0.0,2020-01-03 03:50:03,73.0,83.0,0.0,0.0,1018.8,0.0,-12.4,IDRSING3
635,-8.5,0.0,0.0,2020-01-03 03:55:07,73.0,83.0,0.0,0.0,1018.8,0.0,-12.5,IDRSING3
636,-8.5,0.0,0.0,2020-01-03 04:00:11,73.0,83.0,0.0,0.0,1018.8,0.0,-12.5,IDRSING3
637,-8.6,0.0,0.0,2020-01-03 04:05:15,73.0,83.0,0.0,0.0,1018.8,0.0,-12.6,IDRSING3
638,-8.5,0.0,0.0,2020-01-03 04:10:03,73.0,79.0,0.0,0.0,1018.5,0.0,-12.5,IDRSING3
639,-8.1,0.0,0.0,2020-01-03 04:15:07,72.0,126.0,0.0,0.0,1018.8,0.0,-12.3,IDRSING3
640,-7.8,0.0,0.0,2020-01-03 04:20:11,72.0,121.0,0.0,0.0,1018.8,0.0,-12.0,IDRSING3
641,-8.0,0.0,0.0,2020-01-03 04:25:15,72.0,110.0,0.0,0.0,1018.8,0.0,-12.2,IDRSING3
642,-8.2,0.0,0.0,2020-01-03 04:30:03,72.0,110.0,0.0,0.0,1018.8,0.0,-12.4,IDRSING3
643,-8.2,0.0,0.0,2020-01-03 04:35:07,72.0,83.0,0.0,0.0,1018.8,0.0,-12.4,IDRSING3
644,-8.1,0.0,0.0,2020-01-03 04:40:11,72.0,82.0,0.0,0.0,1018.8,0.0,-12.3,IDRSING3
645,-8.2,0.0,0.0,2020-01-03 04:45:15,72.0,86.0,0.0,0.0,1018.8,0.0,-12.4,IDRSING3
646,-8.1,0.0,0.0,2020-01-03 04:50:03,72.0,84.0,0.0,0.0,1018.8,0.0,-12.3,IDRSING3
647,-8.2,0.0,0.0,2020-01-03 04:55:07,72.0,82.0,0.0,0.0,1018.8,0.0,-12.4,IDRSING3
648,-8.3,0.0,0.0,2020-01-03 05:00:11,73.0,82.0,0.0,0.0,1019.2,0.0,-12.3,IDRSING3
649,-8.6,0.0,0.0,2020-01-03 05:05:15,73.0,82.0,0.0,0.0,1019.2,0.0,-12.6,IDRSING3
650,-8.7,0.0,0.0,2020-01-03 05:10:03,73.0,82.0,0.0,0.0,1019.2,0.0,-12.7,IDRSING3
651,-8.7,0.0,0.0,2020-01-03 05:15:07,73.0,82.0,0.0,0.0,1018.8,0.0,-12.7,IDRSING3
652,-8.6,0.0,0.0,2020-01-03 05:20:11,73.0,82.0,0.0,0.0,1018.8,0.0,-12.6,IDRSING3
653,-8.5,0.0,0.0,2020-01-03 05:25:15,73.0,82.0,0.0,0.0,1019.2,0.0,-12.5,IDRSING3
654,-8.3,0.0,0.0,2020-01-03 05:30:03,73.0,82.0,0.0,0.0,1019.2,0.0,-12.3,IDRSING3
655,-8.1,0.0,0.0,2020-01-03 05:35:07,72.0,82.0,0.0,0.0,1019.2,0.0,-12.3,IDRSING3
656,-7.9,0.0,0.0,2020-01-03 05:40:11,72.0,82.0,0.0,0.0,1019.5,0.0,-12.1,IDRSING3
657,-7.5,0.0,0.0,2020-01-03 05:45:15,71.0,83.0,0.0,0.0,1019.2,0.0,-11.9,IDRSING3
658,-7.3,0.0,0.0,2020-01-03 05:50:03,71.0,82.0,0.0,0.0,1019.2,0.0,-11.7,IDRSING3
659,-7.2,0.0,0.0,2020-01-03 05:55:07,71.0,82.0,0.0,0.0,1019.2,0.0,-11.6,IDRSING3
660,-7.1,0.0,0.0,2020-01-03 06:00:11,71.0,82.0,0.0,0.0,1019.5,0.0,-11.5,IDRSING3
661,-7.1,0.0,0.0,2020-01-03 06:05:15,71.0,82.0,0.0,0.0,1019.2,0.0,-11.5,IDRSING3
662,-6.9,0.0,0.0,2020-01-03 06:10:03,70.0,84.0,0.0,0.0,1019.5,0.0,-11.5,IDRSING3
663,-6.7,0.0,0.0,2020-01-03 06:15:07,70.0,86.0,0.0,0.0,1019.2,0.0,-11.3,IDRSING3
664,-6.7,0.0,0.0,2020-01-03 06:20:11,70.0,86.0,0.0,0.0,1019.2,0.0,-11.3,IDRSING3
665,-6.6,0.0,0.0,2020-01-03 06:25:15,70.0,84.0,0.0,0.0,1019.2,0.0,-11.2,IDRSING3
666,-6.5,0.0,0.0,2020-01-03 06:30:03,70.0,86.0,0.0,0.0,1019.2,0.0,-11.1,IDRSING3
667,-6.5,0.0,0.0,2020-01-03 06:35:07,70.0,86.0,0.0,0.0,1019.2,0.0,-11.1,IDRSING3
668,-6.5,0.0,0.0,2020-01-03 06:40:11,70.0,86.0,0.0,0.0,1019.5,0.0,-11.1,IDRSING3
669,-6.4,0.0,0.0,2020-01-03 06:45:15,70.0,86.0,0.0,0.0,1019.5,0.0,-11.0,IDRSING3
670,-6.2,0.0,0.0,2020-01-03 06:50:03,69.0,120.0,0.0,0.0,1019.5,0.36,-11.0,IDRSING3
671,-6.0,0.0,0.0,2020-01-03 06:55:07,69.0,155.0,0.0,0.0,1019.2,1.22,-10.8,IDRSING3
672,-5.9,0.0,0.0,2020-01-03 07:00:11,69.0,120.0,0.0,0.0,1019.5,2.08,-10.7,IDRSING3
673,-5.8,0.0,0.0,2020-01-03 07:05:15,69.0,104.0,0.0,0.0,1019.5,3.43,-10.6,IDRSING3
674,-5.7,0.0,0.0,2020-01-03 07:10:03,69.0,104.0,0.0,0.0,1019.2,4.28,-10.5,IDRSING3
675,-5.6,0.0,0.0,2020-01-03 07:15:07,69.0,82.0,0.0,0.0,1019.5,5.14,-10.4,IDRSING3
676,-5.5,0.0,0.0,2020-01-03 07:20:11,68.0,86.0,0.0,0.0,1019.5,6.48,-10.5,IDRSING3
677,-5.3,0.0,0.0,2020-01-03 07:25:15,68.0,86.0,0.0,0.0,1019.9,7.34,-10.3,IDRSING3
678,-5.1,0.0,0.0,2020-01-03 07:30:03,68.0,86.0,0.0,0.0,1019.9,9.05,-10.1,IDRSING3
679,-5.0,0.0,0.0,2020-01-03 07:35:07,68.0,86.0,0.0,0.0,1019.5,9.91,-10.0,IDRSING3
680,-4.9,0.0,0.0,2020-01-03 07:40:11,68.0,86.0,0.0,0.0,1019.5,11.62,-9.9,IDRSING3
681,-4.8,0.0,0.0,2020-01-03 07:45:15,68.0,86.0,0.0,0.0,1019.5,12.97,-9.8,IDRSING3
682,-4.7,0.0,0.0,2020-01-03 07:50:03,68.0,82.0,0.0,0.0,1019.9,13.33,-9.7,IDRSING3
683,-4.6,0.0,0.0,2020-01-03 07:55:07,68.0,82.0,0.0,0.0,1019.5,16.39,-9.6,IDRSING3
684,-4.4,0.0,0.0,2020-01-03 08:00:11,68.0,82.0,0.0,0.0,1019.5,18.6,-9.4,IDRSING3
685,-4.3,0.0,0.0,2020-01-03 08:05:15,68.0,82.0,0.0,0.0,1019.5,18.6,-9.3,IDRSING3
686,-4.2,0.0,0.0,2020-01-03 08:10:03,68.0,82.0,0.0,0.0,1019.5,19.08,-9.2,IDRSING3
687,-4.1,0.0,0.0,2020-01-03 08:15:07,68.0,82.0,0.0,0.0,1019.5,20.8,-9.1,IDRSING3
688,-4.0,0.0,0.0,2020-01-03 08:20:11,68.0,82.0,0.0,0.0,1019.9,21.65,-9.0,IDRSING3
689,-3.9,0.0,0.0,2020-01-03 08:25:15,68.0,86.0,0.0,0.0,1019.2,22.87,-9.0,IDRSING3
690,-3.7,0.0,0.0,2020-01-03 08:30:03,68.0,86.0,0.0,0.0,1019.9,23.36,-8.8,IDRSING3
691,-3.6,0.0,0.0,2020-01-03 08:35:07,68.0,82.0,0.0,0.0,1019.5,24.22,-8.7,IDRSING3
692,-3.5,0.0,0.0,2020-01-03 08:40:11,68.0,110.0,0.0,0.0,1019.5,25.94,-8.6,IDRSING3
693,-3.3,0.0,0.0,2020-01-03 08:45:15,68.0,108.0,0.0,0.0,1019.5,28.14,-8.4,IDRSING3
694,-3.2,0.0,0.0,2020-01-03 08:50:19,68.0,98.0,0.0,0.0,1019.5,26.42,-8.3,IDRSING3
695,-3.2,0.0,0.0,2020-01-03 08:55:07,68.0,109.0,0.0,0.0,1019.9,26.42,-8.3,IDRSING3
696,-3.1,0.0,0.0,2020-01-03 09:00:33,68.0,114.0,0.0,0.0,1019.5,23.85,-8.2,IDRSING3
697,-3.0,0.0,0.0,2020-01-03 09:05:15,68.0,111.0,0.0,0.0,1019.5,23.85,-8.1,IDRSING3
698,-3.0,0.0,0.0,2020-01-03 09:10:03,68.0,121.0,0.0,0.0,1019.5,27.28,-8.1,IDRSING3
699,-3.0,0.0,0.0,2020-01-03 09:15:07,68.0,191.0,0.6,1.8,1019.5,28.99,-8.1,IDRSING3
700,-3.0,0.0,0.0,2020-01-03 09:20:11,68.0,96.0,0.3,1.8,1019.5,35.48,-8.1,IDRSING3
701,-3.0,0.0,0.0,2020-01-03 09:25:15,68.0,107.0,0.0,0.0,1019.5,32.42,-8.1,IDRSING3
702,-2.9,0.0,0.0,2020-01-03 09:30:03,69.0,113.0,0.0,0.0,1019.2,29.85,-7.8,IDRSING3
703,-2.9,0.0,0.0,2020-01-03 09:35:07,69.0,145.0,0.0,0.0,1019.2,28.99,-7.8,IDRSING3
704,-2.8,0.0,0.0,2020-01-03 09:40:11,69.0,121.0,0.0,0.0,1019.2,30.34,-7.7,IDRSING3
705,-2.8,0.0,0.0,2020-01-03 09:45:15,69.0,181.0,1.4,1.8,1019.2,30.7,-7.7,IDRSING3
706,-2.8,0.0,0.0,2020-01-03 09:50:03,69.0,99.0,0.0,0.0,1019.2,31.19,-7.7,IDRSING3
707,-2.8,0.0,0.0,2020-01-03 09:55:07,69.0,99.0,0.0,0.0,1019.2,34.62,-7.7,IDRSING3
708,-2.8,0.0,0.0,2020-01-03 10:00:11,69.0,117.0,0.0,0.0,1018.8,33.39,-7.7,IDRSING3
709,-2.7,0.0,0.0,2020-01-03 10:05:15,69.0,109.0,0.0,0.0,1018.8,32.9,-7.6,IDRSING3
710,-2.7,0.0,0.0,2020-01-03 10:10:03,69.0,121.0,0.0,0.0,1018.8,29.85,-7.6,IDRSING3
711,-2.6,0.0,0.0,2020-01-03 10:15:07,69.0,94.0,0.0,0.0,1018.5,33.39,-7.5,IDRSING3
712,-2.6,0.0,0.0,2020-01-03 10:20:11,69.0,131.0,0.0,0.0,1018.8,32.05,-7.5,IDRSING3
713,-2.5,0.0,0.0,2020-01-03 10:25:15,69.0,104.0,0.0,0.0,1018.8,36.33,-7.4,IDRSING3
714,-2.6,0.0,0.0,2020-01-03 10:30:03,69.0,94.0,0.0,0.0,1018.2,35.11,-7.5,IDRSING3
715,-2.5,0.0,0.0,2020-01-03 10:35:07,70.0,96.0,0.0,0.0,1018.5,32.42,-7.2,IDRSING3
716,-2.4,0.0,0.0,2020-01-03 10:40:11,70.0,95.0,0.0,0.0,1018.2,37.19,-7.1,IDRSING3
717,-2.5,0.0,0.0,2020-01-03 10:45:15,70.0,95.0,0.0,0.0,1018.2,35.48,-7.2,IDRSING3
718,-2.5,0.0,0.0,2020-01-03 10:50:03,70.0,121.0,0.0,0.0,1018.2,36.33,-7.2,IDRSING3
719,-2.5,0.0,0.0,2020-01-03 10:55:07,70.0,118.0,0.0,0.0,1018.2,39.88,-7.2,IDRSING3
720,-2.4,0.0,0.0,2020-01-03 11:00:11,70.0,107.0,0.0,0.0,1017.8,39.88,-7.1,IDRSING3
721,-2.3,0.0,0.0,2020-01-03 11:05:15,70.0,108.0,0.0,0.0,1017.8,39.39,-7.1,IDRSING3
722,-2.3,0.0,0.0,2020-01-03 11:10:03,70.0,105.0,0.0,0.0,1018.2,36.33,-7.1,IDRSING3
723,-2.2,0.0,0.0,2020-01-03 11:15:07,70.0,176.0,0.3,1.8,1017.8,35.48,-7.0,IDRSING3
724,-2.2,0.0,0.0,2020-01-03 11:20:11,70.0,111.0,0.0,0.0,1017.8,35.11,-7.0,IDRSING3
725,-2.2,0.0,0.0,2020-01-03 11:25:15,70.0,122.0,0.0,0.0,1017.5,37.19,-7.0,IDRSING3
726,-2.2,0.0,0.0,2020-01-03 11:30:03,70.0,102.0,0.0,0.0,1017.8,33.76,-7.0,IDRSING3
727,-2.1,0.0,0.0,2020-01-03 11:35:07,71.0,95.0,0.0,0.0,1017.5,30.7,-6.7,IDRSING3
728,-2.2,0.0,0.0,2020-01-03 11:40:11,71.0,96.0,0.0,0.0,1017.5,35.48,-6.8,IDRSING3
729,-2.1,0.0,0.0,2020-01-03 11:45:15,71.0,108.0,0.0,0.0,1017.5,31.56,-6.7,IDRSING3
730,-2.0,0.0,0.0,2020-01-03 11:50:03,71.0,99.0,0.0,0.0,1017.5,34.25,-6.6,IDRSING3
731,-2.0,0.0,0.0,2020-01-03 11:55:07,71.0,190.0,0.3,1.8,1017.2,33.76,-6.6,IDRSING3
732,-2.1,0.0,0.0,2020-01-03 12:00:11,71.0,199.0,1.8,1.8,1017.2,32.42,-6.7,IDRSING3
733,-2.0,0.0,0.0,2020-01-03 12:05:15,71.0,128.0,0.0,0.0,1017.2,32.05,-6.6,IDRSING3
734,-2.0,0.0,0.0,2020-01-03 12:10:03,71.0,106.0,0.0,0.0,1017.2,32.05,-6.6,IDRSING3
735,-2.0,0.0,0.0,2020-01-03 12:15:07,71.0,98.0,0.0,0.0,1017.2,33.76,-6.6,IDRSING3
736,-2.0,0.0,0.0,2020-01-03 12:20:11,71.0,98.0,0.0,0.0,1017.2,30.34,-6.6,IDRSING3
737,-1.9,0.0,0.0,2020-01-03 12:25:15,71.0,106.0,0.0,0.0,1017.2,42.45,-6.5,IDRSING3
738,-1.9,0.0,0.0,2020-01-03 12:30:03,71.0,109.0,0.0,0.0,1017.2,26.79,-6.5,IDRSING3
739,-2.0,0.0,0.0,2020-01-03 12:35:07,71.0,102.0,0.0,0.0,1017.2,18.11,-6.6,IDRSING3
740,-2.0,0.0,0.0,2020-01-03 12:40:11,71.0,110.0,0.0,0.0,1016.8,22.87,-6.6,IDRSING3
741,-2.0,0.0,0.0,2020-01-03 12:45:15,72.0,97.0,0.0,0.0,1016.8,22.51,-6.4,IDRSING3
742,-2.0,0.0,0.0,2020-01-03 12:50:03,72.0,102.0,0.0,0.0,1016.8,25.07,-6.4,IDRSING3
743,-2.0,0.0,0.0,2020-01-03 12:55:07,72.0,106.0,0.0,0.0,1016.8,26.79,-6.4,IDRSING3
744,-2.0,0.0,0.0,2020-01-03 13:00:11,72.0,105.0,0.0,0.0,1016.8,19.94,-6.4,IDRSING3
745,-2.0,0.0,0.0,2020-01-03 13:05:15,72.0,97.0,0.0,0.0,1016.8,16.02,-6.4,IDRSING3
746,-2.0,0.0,0.0,2020-01-03 13:10:03,72.0,103.0,0.0,0.0,1016.8,17.73,-6.4,IDRSING3
747,-1.9,0.0,0.0,2020-01-03 13:15:07,72.0,100.0,0.0,0.0,1016.5,16.88,-6.3,IDRSING3
748,-2.0,0.0,0.0,2020-01-03 13:20:11,72.0,105.0,0.0,0.0,1016.5,17.25,-6.4,IDRSING3
749,-1.9,0.0,0.0,2020-01-03 13:25:15,72.0,114.0,0.0,0.0,1016.8,20.31,-6.3,IDRSING3
750,-1.9,0.0,0.0,2020-01-03 13:30:03,72.0,114.0,0.0,0.0,1016.5,19.94,-6.3,IDRSING3
751,-2.0,0.0,0.0,2020-01-03 13:35:07,72.0,112.0,0.0,0.0,1016.5,17.73,-6.4,IDRSING3
752,-1.9,0.0,0.0,2020-01-03 13:40:11,72.0,107.0,0.0,0.0,1016.5,16.88,-6.3,IDRSING3
753,-1.9,0.0,0.0,2020-01-03 13:45:15,72.0,108.0,0.0,0.0,1016.5,15.53,-6.3,IDRSING3
754,-1.9,0.0,0.0,2020-01-03 13:50:03,72.0,108.0,0.0,0.0,1016.5,18.11,-6.3,IDRSING3
755,-1.9,0.0,0.0,2020-01-03 13:55:07,72.0,96.0,0.0,0.0,1016.5,14.31,-6.3,IDRSING3
756,-1.8,0.0,0.0,2020-01-03 14:00:11,72.0,108.0,0.3,1.8,1016.5,16.88,-6.2,IDRSING3
757,-1.9,0.0,0.0,2020-01-03 14:05:15,72.0,105.0,0.0,0.0,1016.5,12.48,-6.3,IDRSING3
758,-1.8,0.0,0.0,2020-01-03 14:10:03,72.0,162.0,0.0,0.0,1016.5,11.62,-6.2,IDRSING3
759,-1.8,0.0,0.0,2020-01-03 14:15:07,73.0,99.0,0.0,0.0,1016.1,7.34,-6.0,IDRSING3
760,-1.8,0.0,0.0,2020-01-03 14:20:11,73.0,99.0,0.0,0.0,1016.5,5.99,-6.0,IDRSING3
761,-1.8,0.0,0.0,2020-01-03 14:25:15,73.0,99.0,0.0,0.0,1015.8,4.28,-6.0,IDRSING3
762,-1.8,0.0,0.0,2020-01-03 14:30:03,73.0,99.0,0.0,0.0,1016.1,4.28,-6.0,IDRSING3
763,-1.9,0.0,0.0,2020-01-03 14:35:07,73.0,105.0,0.0,0.0,1016.1,2.08,-6.1,IDRSING3
764,-1.9,0.0,0.0,2020-01-03 14:40:11,73.0,105.0,0.0,0.0,1016.1,2.57,-6.1,IDRSING3
765,-1.9,0.0,0.0,2020-01-03 14:45:15,73.0,105.0,0.0,0.0,1016.5,1.71,-6.1,IDRSING3
766,-1.9,0.0,0.0,2020-01-03 14:50:03,73.0,105.0,0.0,0.0,1016.1,1.22,-6.1,IDRSING3
767,-1.9,0.0,0.0,2020-01-03 14:55:07,73.0,105.0,0.0,0.0,1016.5,1.71,-6.1,IDRSING3
768,-1.9,0.0,0.0,2020-01-03 15:00:11,73.0,101.0,0.0,0.0,1016.5,0.0,-6.1,IDRSING3
769,-1.9,0.0,0.0,2020-01-03 15:05:15,73.0,102.0,0.0,0.0,1016.5,0.0,-6.1,IDRSING3
770,-1.9,0.0,0.0,2020-01-03 15:10:03,73.0,155.0,0.0,0.0,1016.5,0.0,-6.1,IDRSING3
771,-1.9,0.0,0.0,2020-01-03 15:15:07,73.0,109.0,0.0,0.0,1016.5,0.0,-6.1,IDRSING3
772,-1.9,0.0,0.0,2020-01-03 15:20:11,73.0,109.0,0.0,0.0,1016.5,0.0,-6.1,IDRSING3
773,-2.0,0.0,0.0,2020-01-03 15:25:15,73.0,149.0,0.0,0.0,1016.5,0.0,-6.2,IDRSING3
774,-2.0,0.0,0.0,2020-01-03 15:30:03,73.0,109.0,0.0,0.0,1016.5,0.0,-6.2,IDRSING3
775,-2.1,0.0,0.0,2020-01-03 15:35:07,73.0,103.0,0.0,0.0,1016.8,0.0,-6.3,IDRSING3
776,-2.1,0.0,0.0,2020-01-03 15:40:11,73.0,107.0,0.0,0.0,1016.8,0.0,-6.3,IDRSING3
777,-2.1,0.0,0.0,2020-01-03 15:45:15,73.0,141.0,0.0,0.0,1016.5,0.0,-6.3,IDRSING3
778,-2.1,0.0,0.0,2020-01-03 15:50:03,73.0,218.0,1.4,3.5,1016.5,0.0,-6.3,IDRSING3
779,-2.2,0.0,0.0,2020-01-03 15:55:07,73.0,168.0,0.0,0.0,1016.5,0.0,-6.4,IDRSING3
780,-2.2,0.0,0.0,2020-01-03 16:00:11,73.0,110.0,0.0,0.0,1016.5,0.0,-6.4,IDRSING3
781,-2.2,0.0,0.0,2020-01-03 16:05:15,73.0,109.0,0.0,0.0,1016.5,0.0,-6.4,IDRSING3
782,-2.2,0.0,0.0,2020-01-03 16:10:03,73.0,114.0,0.0,0.0,1016.5,0.0,-6.4,IDRSING3
783,-2.2,0.0,0.0,2020-01-03 16:15:07,73.0,100.0,0.0,0.0,1016.8,0.0,-6.4,IDRSING3
784,-2.2,0.0,0.0,2020-01-03 16:20:11,73.0,100.0,0.0,0.0,1016.5,0.0,-6.4,IDRSING3
785,-2.2,0.0,0.0,2020-01-03 16:25:15,73.0,106.0,0.0,0.0,1016.5,0.0,-6.4,IDRSING3
786,-2.2,0.0,0.0,2020-01-03 16:30:03,73.0,106.0,0.0,0.0,1016.8,0.0,-6.4,IDRSING3
787,-2.2,0.0,0.0,2020-01-03 16:35:07,73.0,109.0,0.0,0.0,1016.5,0.0,-6.4,IDRSING3
788,-2.3,0.0,0.0,2020-01-03 16:40:11,73.0,109.0,0.0,0.0,1016.5,0.0,-6.5,IDRSING3
789,-2.3,0.0,0.0,2020-01-03 16:45:15,73.0,116.0,0.3,1.8,1016.5,0.0,-6.5,IDRSING3
790,-2.3,0.0,0.0,2020-01-03 16:50:03,73.0,122.0,0.0,0.0,1016.1,0.0,-6.5,IDRSING3
791,-2.3,0.0,0.0,2020-01-03 16:55:07,73.0,117.0,0.0,0.0,1016.5,0.0,-6.5,IDRSING3
792,-2.3,0.0,0.0,2020-01-03 17:00:11,73.0,115.0,0.0,0.0,1016.5,0.0,-6.5,IDRSING3
793,-2.3,0.0,0.0,2020-01-03 17:05:15,73.0,132.0,1.1,1.8,1016.5,0.0,-6.5,IDRSING3
794,-2.3,0.0,0.0,2020-01-03 17:10:03,73.0,132.0,0.0,0.0,1016.5,0.0,-6.5,IDRSING3
795,-2.3,0.0,0.0,2020-01-03 17:15:07,73.0,112.0,0.0,0.0,1016.5,0.0,-6.5,IDRSING3
796,-2.3,0.0,0.0,2020-01-03 17:20:11,73.0,128.0,0.0,0.0,1016.1,0.0,-6.5,IDRSING3
797,-2.4,0.0,0.0,2020-01-03 17:25:15,73.0,125.0,0.3,1.8,1016.1,0.0,-6.6,IDRSING3
798,-2.5,0.0,0.0,2020-01-03 17:30:03,73.0,134.0,0.3,1.8,1016.1,0.0,-6.7,IDRSING3
799,-2.5,0.0,0.0,2020-01-03 17:35:07,73.0,122.0,0.3,1.8,1016.5,0.0,-6.7,IDRSING3
800,-2.4,0.0,0.0,2020-01-03 17:40:11,73.0,103.0,0.0,0.0,1016.5,0.0,-6.6,IDRSING3
801,-2.5,0.0,0.0,2020-01-03 17:45:15,73.0,104.0,0.0,0.0,1016.5,0.0,-6.7,IDRSING3
802,-2.6,0.0,0.0,2020-01-03 17:50:03,73.0,122.0,1.4,1.8,1016.1,0.0,-6.8,IDRSING3
803,-2.5,0.0,0.0,2020-01-03 17:55:07,73.0,117.0,0.3,1.8,1016.5,0.0,-6.7,IDRSING3
804,-2.5,0.0,0.0,2020-01-03 18:00:11,73.0,101.0,0.0,0.0,1016.5,0.0,-6.7,IDRSING3
805,-2.5,0.0,0.0,2020-01-03 18:05:15,73.0,110.0,0.0,0.0,1016.5,0.0,-6.7,IDRSING3
806,-2.5,0.0,0.0,2020-01-03 18:10:03,73.0,100.0,0.0,0.0,1016.5,0.0,-6.7,IDRSING3
807,-2.5,0.0,0.0,2020-01-03 18:15:07,73.0,96.0,0.0,0.0,1016.5,0.0,-6.7,IDRSING3
808,-2.5,0.0,0.0,2020-01-03 18:20:11,73.0,211.0,1.4,1.8,1016.5,0.0,-6.7,IDRSING3
809,-2.5,0.0,0.0,2020-01-03 18:25:15,73.0,110.0,0.0,0.0,1016.8,0.0,-6.7,IDRSING3
810,-2.5,0.0,0.0,2020-01-03 18:30:03,73.0,139.0,0.0,0.0,1016.5,0.0,-6.7,IDRSING3
811,-2.5,0.0,0.0,2020-01-03 18:35:07,73.0,116.0,0.0,0.0,1016.5,0.0,-6.7,IDRSING3
812,-2.5,0.0,0.0,2020-01-03 18:40:11,73.0,126.0,0.0,0.0,1016.5,0.0,-6.7,IDRSING3
813,-2.5,0.0,0.0,2020-01-03 18:45:15,73.0,113.0,0.0,0.0,1016.8,0.0,-6.7,IDRSING3
814,-2.5,0.0,0.0,2020-01-03 18:50:03,73.0,116.0,0.0,0.0,1016.5,0.0,-6.7,IDRSING3
815,-2.5,0.0,0.0,2020-01-03 18:55:07,73.0,109.0,0.0,0.0,1016.5,0.0,-6.7,IDRSING3
816,-2.5,0.0,0.0,2020-01-03 19:00:11,73.0,112.0,0.0,0.0,1016.5,0.0,-6.7,IDRSING3
817,-2.5,0.0,0.0,2020-01-03 19:05:15,73.0,109.0,0.0,0.0,1016.5,0.0,-6.7,IDRSING3
818,-2.5,0.0,0.0,2020-01-03 19:10:03,73.0,109.0,0.0,0.0,1016.5,0.0,-6.7,IDRSING3
819,-2.5,0.0,0.0,2020-01-03 19:15:07,73.0,91.0,0.0,0.0,1016.1,0.0,-6.7,IDRSING3
820,-2.4,0.0,0.0,2020-01-03 19:20:11,73.0,95.0,0.0,0.0,1016.1,0.0,-6.6,IDRSING3
821,-2.4,0.0,0.0,2020-01-03 19:25:15,73.0,99.0,0.0,0.0,1016.5,0.0,-6.6,IDRSING3
822,-2.4,0.0,0.0,2020-01-03 19:30:03,73.0,113.0,0.0,0.0,1016.1,0.0,-6.6,IDRSING3
823,-2.4,0.0,0.0,2020-01-03 19:35:07,73.0,113.0,0.0,0.0,1016.1,0.0,-6.6,IDRSING3
824,-2.4,0.0,0.0,2020-01-03 19:40:11,73.0,88.0,0.0,0.0,1016.1,0.0,-6.6,IDRSING3
825,-2.4,0.0,0.0,2020-01-03 19:45:15,73.0,114.0,0.0,0.0,1016.5,0.0,-6.6,IDRSING3
826,-2.4,0.0,0.0,2020-01-03 19:50:03,73.0,90.0,0.0,0.0,1016.1,0.0,-6.6,IDRSING3
827,-2.4,0.0,0.0,2020-01-03 19:55:07,73.0,113.0,0.0,0.0,1016.1,0.0,-6.6,IDRSING3
828,-2.4,0.0,0.0,2020-01-03 20:00:11,73.0,113.0,0.0,0.0,1016.1,0.0,-6.6,IDRSING3
829,-2.4,0.0,0.0,2020-01-03 20:05:15,73.0,114.0,0.0,0.0,1016.1,0.0,-6.6,IDRSING3
830,-2.4,0.0,0.0,2020-01-03 20:10:03,73.0,113.0,0.0,0.0,1016.1,0.0,-6.6,IDRSING3
831,-2.4,0.0,0.0,2020-01-03 20:15:07,73.0,101.0,0.0,0.0,1016.5,0.0,-6.6,IDRSING3
832,-2.4,0.0,0.0,2020-01-03 20:20:11,73.0,98.0,0.0,0.0,1015.8,0.0,-6.6,IDRSING3
833,-2.4,0.0,0.0,2020-01-03 20:25:15,73.0,111.0,0.0,0.0,1016.1,0.0,-6.6,IDRSING3
834,-2.4,0.0,0.0,2020-01-03 20:30:03,73.0,101.0,0.0,0.0,1016.1,0.0,-6.6,IDRSING3
835,-2.4,0.0,0.0,2020-01-03 20:35:07,73.0,93.0,0.0,0.0,1015.8,0.0,-6.6,IDRSING3
836,-2.4,0.0,0.0,2020-01-03 20:40:11,73.0,95.0,0.0,0.0,1015.8,0.0,-6.6,IDRSING3
837,-2.4,0.0,0.0,2020-01-03 20:45:15,73.0,95.0,0.0,0.0,1016.1,0.0,-6.6,IDRSING3
838,-2.4,0.0,0.0,2020-01-03 20:50:03,73.0,111.0,0.0,0.0,1015.5,0.0,-6.6,IDRSING3
839,-2.4,0.0,0.0,2020-01-03 20:55:07,73.0,116.0,0.0,0.0,1015.8,0.0,-6.6,IDRSING3
840,-2.4,0.0,0.0,2020-01-03 21:00:11,73.0,113.0,0.3,1.8,1015.8,0.0,-6.6,IDRSING3
841,-2.4,0.0,0.0,2020-01-03 21:05:15,73.0,102.0,0.0,0.0,1015.8,0.0,-6.6,IDRSING3
842,-2.4,0.0,0.0,2020-01-03 21:10:03,73.0,116.0,0.0,0.0,1015.8,0.0,-6.6,IDRSING3
843,-2.4,0.0,0.0,2020-01-03 21:15:07,73.0,114.0,0.0,0.0,1015.8,0.0,-6.6,IDRSING3
844,-2.4,0.0,0.0,2020-01-03 21:20:11,73.0,119.0,0.0,0.0,1015.8,0.0,-6.6,IDRSING3
845,-2.4,0.0,0.0,2020-01-03 21:25:15,73.0,105.0,0.0,0.0,1015.5,0.0,-6.6,IDRSING3
846,-2.4,0.0,0.0,2020-01-03 21:30:03,73.0,109.0,0.0,0.0,1015.5,0.0,-6.6,IDRSING3
847,-2.4,0.0,0.0,2020-01-03 21:35:07,73.0,102.0,0.0,0.0,1015.5,0.0,-6.6,IDRSING3
848,-2.4,0.0,0.0,2020-01-03 21:40:11,73.0,102.0,0.0,0.0,1015.5,0.0,-6.6,IDRSING3
849,-2.4,0.0,0.0,2020-01-03 21:45:15,73.0,102.0,0.0,0.0,1015.5,0.0,-6.6,IDRSING3
850,-2.4,0.0,0.0,2020-01-03 21:50:03,73.0,102.0,0.0,0.0,1015.5,0.0,-6.6,IDRSING3
851,-2.4,0.0,0.0,2020-01-03 21:55:07,73.0,102.0,0.0,0.0,1015.5,0.0,-6.6,IDRSING3
852,-2.3,0.0,0.0,2020-01-03 22:00:11,73.0,102.0,0.0,0.0,1015.5,0.0,-6.5,IDRSING3
853,-2.3,0.0,0.0,2020-01-03 22:05:15,73.0,116.0,0.0,0.0,1015.5,0.0,-6.5,IDRSING3
854,-2.3,0.0,0.0,2020-01-03 22:10:03,73.0,116.0,0.0,0.0,1015.5,0.0,-6.5,IDRSING3
855,-2.3,0.0,0.0,2020-01-03 22:15:07,73.0,104.0,0.0,0.0,1015.5,0.0,-6.5,IDRSING3
856,-2.3,0.0,0.0,2020-01-03 22:20:11,73.0,110.0,0.0,0.0,1015.5,0.0,-6.5,IDRSING3
857,-2.3,0.0,0.0,2020-01-03 22:25:15,73.0,95.0,0.0,0.0,1015.5,0.0,-6.5,IDRSING3
858,-2.3,0.0,0.0,2020-01-03 22:30:03,73.0,93.0,0.0,0.0,1015.1,0.0,-6.5,IDRSING3
859,-2.3,0.0,0.0,2020-01-03 22:35:07,73.0,96.0,0.0,0.0,1015.5,0.0,-6.5,IDRSING3
860,-2.3,0.0,0.0,2020-01-03 22:40:11,73.0,108.0,0.0,0.0,1015.1,0.0,-6.5,IDRSING3
861,-2.3,0.0,0.0,2020-01-03 22:45:15,73.0,116.0,0.0,0.0,1015.1,0.0,-6.5,IDRSING3
862,-2.3,0.0,0.0,2020-01-03 22:50:03,73.0,99.0,0.0,0.0,1015.5,0.0,-6.5,IDRSING3
863,-2.2,0.0,0.0,2020-01-03 22:55:07,73.0,108.0,0.0,0.0,1015.1,0.0,-6.4,IDRSING3
864,-2.2,0.0,0.0,2020-01-03 23:00:11,73.0,102.0,0.0,0.0,1015.1,0.0,-6.4,IDRSING3
865,-2.2,0.0,0.0,2020-01-03 23:05:15,73.0,93.0,0.0,0.0,1015.1,0.0,-6.4,IDRSING3
866,-2.2,0.0,0.0,2020-01-03 23:10:03,73.0,96.0,0.0,0.0,1014.8,0.0,-6.4,IDRSING3
867,-2.2,0.0,0.0,2020-01-03 23:15:07,73.0,97.0,0.0,0.0,1014.8,0.0,-6.4,IDRSING3
868,-2.2,0.0,0.0,2020-01-03 23:20:11,73.0,99.0,0.0,0.0,1014.8,0.0,-6.4,IDRSING3
869,-2.2,0.0,0.0,2020-01-03 23:25:15,73.0,94.0,0.0,0.0,1014.8,0.0,-6.4,IDRSING3
870,-2.3,0.0,0.0,2020-01-03 23:30:03,73.0,95.0,0.0,0.0,1014.8,0.0,-6.5,IDRSING3
871,-2.3,0.0,0.0,2020-01-03 23:35:07,73.0,93.0,0.0,0.0,1014.8,0.0,-6.5,IDRSING3
872,-2.4,0.0,0.0,2020-01-03 23:40:11,73.0,116.0,0.0,0.0,1014.4,0.0,-6.6,IDRSING3
873,-2.4,0.0,0.0,2020-01-03 23:45:15,73.0,99.0,0.0,0.0,1014.4,0.0,-6.6,IDRSING3
874,-2.4,0.0,0.0,2020-01-03 23:50:03,73.0,96.0,0.0,0.0,1014.4,0.0,-6.6,IDRSING3
875,-2.4,0.0,0.0,2020-01-03 23:55:07,73.0,97.0,0.0,0.0,1014.8,0.0,-6.6,IDRSING3
876,-2.4,0.0,0.0,2020-01-04 00:00:11,73.0,93.0,0.0,0.0,1014.8,0.0,-6.6,IDRSING3
877,-2.4,0.0,0.0,2020-01-04 00:05:15,73.0,95.0,0.0,0.0,1014.8,0.0,-6.6,IDRSING3
878,-2.4,0.0,0.0,2020-01-04 00:10:03,73.0,117.0,0.0,0.0,1014.4,0.0,-6.6,IDRSING3
879,-2.4,0.0,0.0,2020-01-04 00:15:07,73.0,105.0,0.0,0.0,1014.4,0.0,-6.6,IDRSING3
880,-2.4,0.0,0.0,2020-01-04 00:20:11,73.0,101.0,0.0,0.0,1014.4,0.0,-6.6,IDRSING3
881,-2.5,0.0,0.0,2020-01-04 00:25:15,73.0,102.0,0.0,0.0,1014.4,0.0,-6.7,IDRSING3
882,-2.5,0.0,0.0,2020-01-04 00:30:03,73.0,99.0,0.0,0.0,1014.4,0.0,-6.7,IDRSING3
883,-2.5,0.0,0.0,2020-01-04 00:35:07,73.0,93.0,0.0,0.0,1014.4,0.0,-6.7,IDRSING3
884,-2.6,0.0,0.0,2020-01-04 00:40:11,73.0,103.0,0.0,0.0,1014.1,0.0,-6.8,IDRSING3
885,-2.7,0.0,0.0,2020-01-04 00:45:15,73.0,93.0,0.0,0.0,1014.1,0.0,-6.9,IDRSING3
886,-2.7,0.0,0.0,2020-01-04 00:50:03,73.0,101.0,0.0,0.0,1014.1,0.0,-6.9,IDRSING3
887,-2.7,0.0,0.0,2020-01-04 00:55:07,73.0,104.0,0.0,0.0,1014.1,0.0,-6.9,IDRSING3
888,-2.7,0.0,0.0,2020-01-04 01:00:11,73.0,103.0,0.0,0.0,1014.1,0.0,-6.9,IDRSING3
889,-2.8,0.0,0.0,2020-01-04 01:05:15,73.0,104.0,0.0,0.0,1014.1,0.0,-7.0,IDRSING3
890,-2.8,0.0,0.0,2020-01-04 01:10:03,73.0,127.0,0.0,0.0,1014.1,0.0,-7.0,IDRSING3
891,-2.8,0.0,0.0,2020-01-04 01:15:07,73.0,104.0,0.0,0.0,1014.1,0.0,-7.0,IDRSING3
892,-2.9,0.0,0.0,2020-01-04 01:20:11,73.0,141.0,0.0,0.0,1014.1,0.0,-7.1,IDRSING3
893,-3.0,0.0,0.0,2020-01-04 01:25:15,73.0,93.0,0.0,0.0,1014.1,0.0,-7.2,IDRSING3
894,-3.1,0.0,0.0,2020-01-04 01:30:03,73.0,93.0,0.0,0.0,1013.8,0.0,-7.3,IDRSING3
895,-3.0,0.0,0.0,2020-01-04 01:35:07,73.0,93.0,0.0,0.0,1014.1,0.0,-7.2,IDRSING3
896,-2.8,0.0,0.0,2020-01-04 01:40:11,73.0,103.0,0.0,0.0,1013.8,0.0,-7.0,IDRSING3
897,-2.8,0.0,0.0,2020-01-04 01:45:15,73.0,103.0,0.0,0.0,1013.8,0.0,-7.0,IDRSING3
898,-2.8,0.0,0.0,2020-01-04 01:50:03,73.0,134.0,0.0,0.0,1013.4,0.0,-7.0,IDRSING3
899,-2.8,0.0,0.0,2020-01-04 01:55:07,73.0,134.0,0.0,0.0,1013.8,0.0,-7.0,IDRSING3
900,-2.8,0.0,0.0,2020-01-04 02:00:11,73.0,134.0,0.0,0.0,1013.8,0.0,-7.0,IDRSING3
901,-2.8,0.0,0.0,2020-01-04 02:05:15,73.0,134.0,0.0,0.0,1013.8,0.0,-7.0,IDRSING3
902,-2.9,0.0,0.0,2020-01-04 02:10:03,73.0,134.0,0.0,0.0,1013.8,0.0,-7.1,IDRSING3
903,-2.9,0.0,0.0,2020-01-04 02:15:07,73.0,134.0,0.0,0.0,1013.8,0.0,-7.1,IDRSING3
904,-3.0,0.0,0.0,2020-01-04 02:20:11,73.0,80.0,0.0,0.0,1013.8,0.0,-7.2,IDRSING3
905,-3.1,0.0,0.0,2020-01-04 02:25:15,73.0,100.0,0.0,0.0,1013.4,0.0,-7.3,IDRSING3
906,-3.2,0.0,0.0,2020-01-04 02:30:03,73.0,95.0,0.0,0.0,1013.4,0.0,-7.4,IDRSING3
907,-3.1,0.0,0.0,2020-01-04 02:35:07,73.0,155.0,0.0,0.0,1013.4,0.0,-7.3,IDRSING3
908,-3.1,0.0,0.0,2020-01-04 02:40:11,73.0,34.0,0.0,0.0,1013.4,0.0,-7.3,IDRSING3
909,-3.0,0.0,0.0,2020-01-04 02:45:15,73.0,226.0,1.1,1.8,1013.4,0.0,-7.2,IDRSING3
910,-3.0,0.0,0.0,2020-01-04 02:50:19,73.0,218.0,0.3,1.8,1013.1,0.0,-7.2,IDRSING3
911,-3.1,0.0,0.0,2020-01-04 02:55:07,73.0,218.0,0.0,0.0,1013.1,0.0,-7.3,IDRSING3
912,-3.1,0.0,0.0,2020-01-04 03:00:11,73.0,170.0,0.3,1.8,1013.1,0.0,-7.3,IDRSING3
913,-3.0,0.0,0.0,2020-01-04 03:05:15,73.0,62.0,0.0,0.0,1013.1,0.0,-7.2,IDRSING3
914,-3.0,0.0,0.0,2020-01-04 03:10:03,73.0,85.0,0.0,0.0,1013.1,0.0,-7.2,IDRSING3
915,-3.0,0.0,0.0,2020-01-04 03:15:07,73.0,103.0,0.0,0.0,1013.1,0.0,-7.2,IDRSING3
916,-2.9,0.0,0.0,2020-01-04 03:20:11,73.0,70.0,0.0,0.0,1013.1,0.0,-7.1,IDRSING3
917,-2.9,0.0,0.0,2020-01-04 03:25:15,73.0,99.0,0.0,0.0,1012.8,0.0,-7.1,IDRSING3
918,-2.8,0.0,0.0,2020-01-04 03:30:03,73.0,102.0,0.0,0.0,1012.8,0.0,-7.0,IDRSING3
919,-2.8,0.0,0.0,2020-01-04 03:35:07,73.0,93.0,0.0,0.0,1012.8,0.0,-7.0,IDRSING3
920,-2.8,0.0,0.0,2020-01-04 03:40:11,73.0,82.0,0.0,0.0,1012.8,0.0,-7.0,IDRSING3
921,-2.6,0.0,0.0,2020-01-04 03:45:15,73.0,87.0,0.0,0.0,1012.8,0.0,-6.8,IDRSING3
922,-2.3,0.0,0.0,2020-01-04 03:50:03,73.0,94.0,0.3,1.8,1013.1,0.0,-6.5,IDRSING3
923,-2.3,0.0,0.0,2020-01-04 03:55:07,73.0,93.0,0.0,0.0,1012.8,0.0,-6.5,IDRSING3
924,-2.3,0.0,0.0,2020-01-04 04:00:11,73.0,67.0,0.0,0.0,1012.8,0.0,-6.5,IDRSING3
925,-2.1,0.0,0.0,2020-01-04 04:05:15,73.0,83.0,0.0,0.0,1013.1,0.0,-6.3,IDRSING3
926,-1.6,0.0,0.0,2020-01-04 04:10:19,73.0,91.0,0.0,0.0,1013.1,0.0,-5.8,IDRSING3
927,-1.7,0.0,0.0,2020-01-04 04:15:07,73.0,88.0,0.0,0.0,1013.1,0.0,-5.9,IDRSING3
928,-1.9,0.0,0.0,2020-01-04 04:20:11,73.0,86.0,0.0,0.0,1012.8,0.0,-6.1,IDRSING3
929,-2.2,0.0,0.0,2020-01-04 04:25:15,73.0,67.0,0.0,0.0,1012.8,0.0,-6.4,IDRSING3
930,-2.2,0.0,0.0,2020-01-04 04:30:19,73.0,93.0,0.0,0.0,1012.8,0.0,-6.4,IDRSING3
931,-2.1,0.0,0.0,2020-01-04 04:35:07,73.0,66.0,0.0,0.0,1012.8,0.0,-6.3,IDRSING3
932,-1.9,0.0,0.0,2020-01-04 04:40:11,73.0,92.0,0.0,0.0,1012.8,0.0,-6.1,IDRSING3
933,-1.7,0.0,0.0,2020-01-04 04:45:15,73.0,58.0,1.1,1.8,1013.1,0.0,-5.9,IDRSING3
934,-1.6,0.0,0.0,2020-01-04 04:50:19,73.0,67.0,0.0,0.0,1012.8,0.0,-5.8,IDRSING3
935,-1.2,0.0,0.0,2020-01-04 04:55:07,73.0,76.0,0.0,0.0,1012.8,0.0,-5.4,IDRSING3
936,-0.6,0.0,0.0,2020-01-04 05:00:11,74.0,66.0,0.0,0.0,1012.8,0.0,-4.7,IDRSING3
937,-0.3,0.0,0.0,2020-01-04 05:05:15,74.0,65.0,0.0,0.0,1012.8,0.0,-4.4,IDRSING3
938,-0.1,0.0,0.0,2020-01-04 05:10:19,74.0,52.0,0.0,0.0,1012.8,0.0,-4.2,IDRSING3
939,0.3,0.0,0.0,2020-01-04 05:15:07,73.0,25.0,1.8,1.8,1012.8,0.0,-4.0,IDRSING3
940,1.6,0.0,0.0,2020-01-04 05:20:11,73.0,12.0,3.5,3.5,1012.8,0.0,-2.7,IDRSING3
941,2.2,0.0,0.0,2020-01-04 05:25:15,73.0,14.0,1.1,1.8,1012.8,0.0,-2.1,IDRSING3
942,2.2,0.0,0.0,2020-01-04 05:30:19,73.0,275.0,4.3,5.5,1012.8,0.0,-2.1,IDRSING3
943,2.2,0.0,0.0,2020-01-04 05:35:07,73.0,42.0,1.4,1.8,1013.1,0.0,-2.1,IDRSING3
944,2.1,0.0,0.0,2020-01-04 05:40:11,73.0,274.0,7.2,9.3,1012.8,0.0,-2.2,IDRSING3
945,2.3,0.0,0.0,2020-01-04 05:45:15,72.0,283.0,7.2,9.3,1012.8,0.0,-2.2,IDRSING3
946,2.1,0.0,0.0,2020-01-04 05:50:19,72.0,290.0,7.6,9.3,1012.8,0.0,-2.4,IDRSING3
947,2.5,0.0,0.0,2020-01-04 05:55:07,70.0,261.0,9.0,11.1,1013.1,0.0,-2.4,IDRSING3
948,2.5,0.0,0.0,2020-01-04 06:00:11,69.0,295.0,6.1,7.2,1013.1,0.0,-2.6,IDRSING3
949,2.9,0.0,0.0,2020-01-04 06:05:15,69.0,301.0,4.3,5.5,1013.4,0.0,-2.2,IDRSING3
950,3.1,0.0,0.0,2020-01-04 06:10:19,68.0,261.0,4.3,5.5,1013.4,0.0,-2.2,IDRSING3
951,2.1,0.0,0.0,2020-01-04 06:15:07,69.0,61.0,1.1,1.8,1013.8,0.0,-3.0,IDRSING3
952,1.3,0.0,0.0,2020-01-04 06:20:11,70.0,46.0,0.0,0.0,1013.4,0.0,-3.6,IDRSING3
953,1.5,0.0,0.0,2020-01-04 06:25:15,70.0,15.0,1.8,1.8,1013.8,0.0,-3.4,IDRSING3
954,2.2,0.0,0.0,2020-01-04 06:30:19,69.0,337.0,4.7,5.5,1013.8,0.0,-2.9,IDRSING3
955,2.9,0.0,0.0,2020-01-04 06:35:07,69.0,346.0,2.9,3.5,1013.8,0.0,-2.2,IDRSING3
956,3.1,0.0,0.0,2020-01-04 06:40:11,68.0,13.0,2.1,3.5,1013.4,0.0,-2.2,IDRSING3
957,3.0,0.0,0.0,2020-01-04 06:45:15,68.0,15.0,3.5,5.5,1013.8,0.0,-2.3,IDRSING3
958,3.2,0.0,0.0,2020-01-04 06:50:19,67.0,308.0,10.5,11.1,1014.1,0.0,-2.4,IDRSING3
959,4.1,0.0,0.0,2020-01-04 06:55:07,67.0,286.0,12.2,14.8,1014.1,0.0,-1.5,IDRSING3
960,4.6,0.0,0.0,2020-01-04 07:00:11,68.0,288.0,6.1,7.2,1014.1,0.85,-0.8,IDRSING3
961,4.6,0.0,0.0,2020-01-04 07:05:15,70.0,284.0,7.9,9.3,1014.1,3.79,-0.4,IDRSING3
962,4.5,0.0,0.0,2020-01-04 07:10:19,71.0,293.0,8.2,9.3,1014.4,6.48,-0.3,IDRSING3
963,4.7,0.0,0.0,2020-01-04 07:15:07,74.0,261.0,9.7,14.8,1014.8,9.54,0.5,IDRSING3
964,4.7,0.0,0.0,2020-01-04 07:20:11,77.0,295.0,9.3,11.1,1014.4,22.51,1.0,IDRSING3
965,4.8,0.0,0.0,2020-01-04 07:25:15,79.0,281.0,7.9,9.3,1014.4,28.14,1.5,IDRSING3
966,4.8,0.0,0.0,2020-01-04 07:30:19,80.0,291.0,8.2,11.1,1014.4,22.51,1.6,IDRSING3
967,4.8,0.0,0.0,2020-01-04 07:35:07,82.0,288.0,7.6,9.3,1014.8,16.88,2.0,IDRSING3
968,4.7,0.0,0.0,2020-01-04 07:40:11,84.0,281.0,8.2,9.3,1014.8,19.08,2.2,IDRSING3
969,4.8,0.0,0.0,2020-01-04 07:45:15,89.0,293.0,15.1,18.3,1014.8,28.14,3.1,IDRSING3
970,5.0,0.0,0.0,2020-01-04 07:50:19,92.0,308.0,9.3,11.1,1014.8,36.33,3.8,IDRSING3
971,5.1,0.0,0.0,2020-01-04 07:55:07,94.0,302.0,9.7,13.0,1015.1,34.62,4.1,IDRSING3
972,5.2,0.0,0.0,2020-01-04 08:00:11,95.0,288.0,8.7,11.1,1014.8,40.24,4.4,IDRSING3
973,5.1,0.0,0.0,2020-01-04 08:05:15,95.0,314.0,9.3,11.1,1014.8,31.19,4.3,IDRSING3
974,5.0,0.0,0.0,2020-01-04 08:10:19,95.0,280.0,6.9,9.3,1014.8,36.82,4.2,IDRSING3
975,4.9,0.0,0.0,2020-01-04 08:15:07,94.0,302.0,5.8,7.2,1015.1,30.7,3.9,IDRSING3
976,4.6,0.0,0.0,2020-01-04 08:20:11,92.0,299.0,5.0,5.5,1015.1,20.8,3.4,IDRSING3
977,4.5,0.0,0.0,2020-01-04 08:25:15,91.0,298.0,5.5,5.5,1015.5,22.02,3.2,IDRSING3
978,4.5,0.0,0.0,2020-01-04 08:30:19,90.0,342.0,1.4,1.8,1015.1,22.51,3.0,IDRSING3
979,4.5,0.0,0.0,2020-01-04 08:35:07,90.0,340.0,0.3,1.8,1015.1,38.17,3.0,IDRSING3
980,4.6,0.0,0.0,2020-01-04 08:40:11,91.0,301.0,3.5,3.5,1015.1,49.79,3.3,IDRSING3
981,4.6,0.0,0.0,2020-01-04 08:45:15,91.0,287.0,4.7,5.5,1015.5,57.62,3.3,IDRSING3
982,4.5,0.0,0.0,2020-01-04 08:50:19,91.0,279.0,5.0,5.5,1015.5,69.73,3.2,IDRSING3
983,4.6,0.0,0.0,2020-01-04 08:55:07,92.0,295.0,5.5,5.5,1015.5,103.13,3.4,IDRSING3
984,5.0,0.0,0.0,2020-01-04 09:00:11,94.0,276.0,8.7,11.1,1015.5,80.25,4.0,IDRSING3
985,5.1,0.0,0.0,2020-01-04 09:05:15,95.0,294.0,8.2,9.3,1015.5,94.93,4.3,IDRSING3
986,5.2,0.0,0.0,2020-01-04 09:10:19,95.0,290.0,7.2,9.3,1015.1,112.67,4.4,IDRSING3
987,5.3,0.0,0.0,2020-01-04 09:15:07,95.0,300.0,7.9,9.3,1015.1,102.27,4.5,IDRSING3
988,5.3,0.0,0.0,2020-01-04 09:20:11,96.0,285.0,7.2,7.2,1015.1,90.16,4.8,IDRSING3
989,5.3,0.0,0.0,2020-01-04 09:25:15,95.0,271.0,6.9,9.3,1015.1,84.53,4.5,IDRSING3
990,5.3,0.0,0.0,2020-01-04 09:30:19,94.0,263.0,4.0,5.5,1015.1,97.5,4.3,IDRSING3
991,5.1,0.0,0.0,2020-01-04 09:35:07,95.0,287.0,6.4,9.3,1015.1,125.76,4.3,IDRSING3
992,5.4,0.0,0.0,2020-01-04 09:40:11,95.0,274.0,6.9,7.2,1014.8,163.93,4.6,IDRSING3
993,5.8,0.0,0.0,2020-01-04 09:45:15,95.0,277.0,6.1,7.2,1015.1,153.9,5.0,IDRSING3
994,6.0,0.0,0.0,2020-01-04 09:50:19,97.0,274.0,11.6,13.0,1014.8,85.88,5.6,IDRSING3
995,5.9,0.0,0.0,2020-01-04 09:55:07,96.0,274.0,9.7,11.1,1014.8,88.45,5.4,IDRSING3
996,5.7,0.0,0.0,2020-01-04 10:00:11,96.0,294.0,6.9,7.2,1014.4,107.04,5.2,IDRSING3
997,5.7,0.0,0.0,2020-01-04 10:05:15,96.0,296.0,8.7,11.1,1014.8,98.36,5.2,IDRSING3
998,5.6,0.0,0.0,2020-01-04 10:10:19,96.0,315.0,6.4,7.2,1015.1,92.73,5.1,IDRSING3
999,5.5,0.0,0.0,2020-01-04 10:15:07,96.0,301.0,6.4,7.2,1014.8,105.33,5.0,IDRSING3
1000,5.5,0.0,0.0,2020-01-04 10:20:11,96.0,290.0,6.4,7.2,1014.4,120.99,5.0,IDRSING3
1001,5.6,0.0,0.0,2020-01-04 10:25:15,96.0,331.0,8.7,11.1,1014.8,138.36,5.1,IDRSING3
1002,5.7,0.0,0.0,2020-01-04 10:30:19,96.0,354.0,6.9,7.2,1014.4,132.73,5.2,IDRSING3
1003,5.8,0.0,0.0,2020-01-04 10:35:07,96.0,294.0,6.1,7.2,1014.4,113.65,5.3,IDRSING3
1004,5.7,0.0,0.0,2020-01-04 10:40:11,95.0,339.0,3.2,3.5,1014.4,97.99,4.9,IDRSING3
1005,5.7,0.0,0.0,2020-01-04 10:45:15,96.0,302.0,5.5,5.5,1014.4,93.58,5.2,IDRSING3
1006,5.7,0.0,0.0,2020-01-04 10:50:03,95.0,264.0,5.5,7.2,1014.1,96.65,4.9,IDRSING3
1007,5.7,0.0,0.0,2020-01-04 10:55:07,95.0,275.0,7.2,9.3,1014.4,96.27,4.9,IDRSING3
1008,5.7,0.0,0.0,2020-01-04 11:00:11,96.0,274.0,8.7,9.3,1014.1,101.9,5.2,IDRSING3
1009,5.8,0.0,0.0,2020-01-04 11:05:15,95.0,303.0,9.3,11.1,1014.1,140.07,5.0,IDRSING3
1010,5.9,0.0,0.0,2020-01-04 11:10:03,97.0,292.0,9.3,11.1,1014.1,94.07,5.5,IDRSING3
1011,5.9,0.0,0.0,2020-01-04 11:15:07,95.0,277.0,10.1,11.1,1014.1,115.73,5.1,IDRSING3
1012,5.9,0.0,0.0,2020-01-04 11:20:11,96.0,268.0,9.3,11.1,1014.1,108.39,5.4,IDRSING3
1013,5.8,0.0,0.0,2020-01-04 11:25:15,95.0,299.0,8.7,9.3,1013.8,93.58,5.0,IDRSING3
1014,5.8,0.0,0.0,2020-01-04 11:30:03,95.0,266.0,9.0,9.3,1013.8,98.36,5.0,IDRSING3
1015,5.7,0.0,0.0,2020-01-04 11:35:07,95.0,280.0,8.7,9.3,1013.8,90.16,4.9,IDRSING3
1016,5.6,0.0,0.0,2020-01-04 11:40:11,95.0,281.0,10.1,11.1,1013.8,79.27,4.8,IDRSING3
1017,5.6,0.0,0.0,2020-01-04 11:45:15,95.0,269.0,11.6,13.0,1013.8,76.34,4.8,IDRSING3
1018,5.5,0.0,0.0,2020-01-04 11:50:03,95.0,302.0,11.9,14.8,1013.8,80.25,4.7,IDRSING3
1019,5.6,0.0,0.0,2020-01-04 11:55:07,95.0,291.0,10.5,11.1,1013.8,73.28,4.8,IDRSING3
1020,5.6,0.0,0.0,2020-01-04 12:00:11,95.0,282.0,7.2,9.3,1013.8,72.42,4.8,IDRSING3
1021,5.5,0.0,0.0,2020-01-04 12:05:15,95.0,283.0,11.1,13.0,1013.8,63.73,4.7,IDRSING3
1022,5.4,0.0,0.0,2020-01-04 12:10:03,93.0,265.0,4.3,5.5,1013.4,56.27,4.3,IDRSING3
1023,5.3,0.0,0.0,2020-01-04 12:15:07,94.0,277.0,8.2,9.3,1013.4,57.25,4.3,IDRSING3
1024,5.3,0.0,0.0,2020-01-04 12:20:11,94.0,282.0,7.6,9.3,1013.4,56.76,4.3,IDRSING3
1025,5.2,0.0,0.0,2020-01-04 12:25:15,93.0,311.0,5.8,7.2,1013.4,62.88,4.1,IDRSING3
1026,5.2,0.0,0.0,2020-01-04 12:30:03,94.0,347.0,11.9,14.8,1013.4,62.02,4.2,IDRSING3
1027,5.2,0.0,0.0,2020-01-04 12:35:07,93.0,322.0,9.7,13.0,1013.1,62.02,4.1,IDRSING3
1028,5.2,0.0,0.0,2020-01-04 12:40:11,94.0,292.0,9.7,11.1,1013.1,61.17,4.2,IDRSING3
1029,5.2,0.0,0.0,2020-01-04 12:45:15,94.0,302.0,13.4,14.8,1012.8,64.59,4.2,IDRSING3
1030,5.2,0.0,0.0,2020-01-04 12:50:03,95.0,250.0,11.1,14.8,1012.8,70.22,4.4,IDRSING3
1031,5.3,0.0,0.0,2020-01-04 12:55:07,95.0,281.0,13.7,16.6,1012.8,64.59,4.5,IDRSING3
1032,5.3,0.0,0.0,2020-01-04 13:00:11,96.0,301.0,13.4,16.6,1013.1,53.7,4.8,IDRSING3
1033,5.3,0.0,0.0,2020-01-04 13:05:15,96.0,304.0,16.9,18.3,1012.8,42.94,4.8,IDRSING3
1034,5.3,0.0,0.0,2020-01-04 13:10:03,96.0,331.0,14.8,18.3,1012.8,36.33,4.8,IDRSING3
1035,5.2,0.0,0.0,2020-01-04 13:15:07,96.0,286.0,15.8,18.3,1012.8,35.11,4.7,IDRSING3
1036,5.1,0.0,0.0,2020-01-04 13:20:11,96.0,281.0,13.0,14.8,1012.8,35.11,4.6,IDRSING3
1037,5.1,0.0,0.0,2020-01-04 13:25:15,95.0,264.0,10.5,13.0,1012.8,31.56,4.3,IDRSING3
1038,5.0,0.0,0.0,2020-01-04 13:30:03,95.0,281.0,10.1,13.0,1012.8,29.85,4.2,IDRSING3
1039,4.8,0.0,0.0,2020-01-04 13:35:07,96.0,288.0,9.7,14.8,1012.8,26.42,4.3,IDRSING3
1040,4.8,0.0,0.0,2020-01-04 13:40:11,96.0,261.0,11.9,14.8,1012.8,25.07,4.3,IDRSING3
1041,4.8,0.0,0.0,2020-01-04 13:45:15,95.0,267.0,8.7,11.1,1012.8,27.65,4.0,IDRSING3
1042,4.8,0.0,0.0,2020-01-04 13:50:03,96.0,273.0,11.1,13.0,1012.8,22.51,4.3,IDRSING3
1043,4.7,0.0,0.0,2020-01-04 13:55:07,96.0,273.0,7.9,9.3,1012.8,18.11,4.2,IDRSING3
1044,4.6,0.0,0.0,2020-01-04 14:00:11,96.0,282.0,9.3,11.1,1012.8,14.68,4.1,IDRSING3
1045,4.6,0.0,0.0,2020-01-04 14:05:15,96.0,274.0,10.5,11.1,1012.8,14.31,4.1,IDRSING3
1046,4.5,0.0,0.0,2020-01-04 14:10:03,96.0,285.0,6.9,7.2,1013.1,11.25,4.0,IDRSING3
1047,4.4,0.0,0.0,2020-01-04 14:15:07,96.0,282.0,6.9,7.2,1013.1,9.54,3.9,IDRSING3
1048,4.4,0.0,0.0,2020-01-04 14:20:11,96.0,296.0,6.4,9.3,1013.1,6.85,3.9,IDRSING3
1049,4.4,0.0,0.0,2020-01-04 14:25:15,96.0,286.0,9.0,11.1,1013.1,5.63,3.9,IDRSING3
1050,4.4,0.0,0.0,2020-01-04 14:30:03,96.0,286.0,8.7,9.3,1013.4,7.34,3.9,IDRSING3
1051,4.3,0.0,0.0,2020-01-04 14:35:07,96.0,277.0,6.1,7.2,1013.1,6.85,3.8,IDRSING3
1052,4.2,0.0,0.0,2020-01-04 14:40:11,96.0,296.0,9.0,9.3,1013.1,6.48,3.7,IDRSING3
1053,4.0,0.0,0.0,2020-01-04 14:45:15,96.0,260.0,5.0,5.5,1013.1,5.63,3.5,IDRSING3
1054,3.6,0.0,0.0,2020-01-04 14:50:03,96.0,256.0,6.9,9.3,1013.4,4.28,3.1,IDRSING3
1055,3.5,0.0,0.0,2020-01-04 14:55:07,95.0,273.0,5.5,5.5,1013.4,2.94,2.7,IDRSING3
1056,3.8,0.0,0.0,2020-01-04 15:00:11,96.0,275.0,6.1,7.2,1013.1,1.22,3.3,IDRSING3
1057,3.7,0.0,0.0,2020-01-04 15:05:15,96.0,261.0,8.2,9.3,1013.1,0.85,3.2,IDRSING3
1058,3.7,0.0,0.0,2020-01-04 15:10:03,95.0,248.0,7.6,9.3,1013.1,0.36,2.9,IDRSING3
1059,3.6,0.0,0.0,2020-01-04 15:15:07,97.0,284.0,10.5,11.1,1013.1,0.0,3.2,IDRSING3
1060,4.0,0.0,0.0,2020-01-04 15:20:11,96.0,267.0,7.9,9.3,1013.1,0.0,3.5,IDRSING3
1061,4.2,0.0,0.0,2020-01-04 15:25:15,96.0,279.0,9.0,11.1,1013.1,0.0,3.7,IDRSING3
1062,4.5,0.0,0.0,2020-01-04 15:30:03,96.0,303.0,15.4,18.3,1012.8,0.0,4.0,IDRSING3
1063,4.7,0.0,0.0,2020-01-04 15:35:07,95.0,270.0,15.4,21.9,1012.8,0.0,3.9,IDRSING3
1064,4.6,0.0,0.0,2020-01-04 15:40:11,95.0,264.0,13.0,16.6,1012.8,0.0,3.8,IDRSING3
1065,4.6,0.0,0.0,2020-01-04 15:45:15,95.0,313.0,13.0,18.3,1012.8,0.0,3.8,IDRSING3
1066,4.4,0.0,0.0,2020-01-04 15:50:03,96.0,274.0,13.0,14.8,1012.8,0.0,3.9,IDRSING3
1067,4.4,0.0,0.0,2020-01-04 15:55:07,96.0,305.0,15.4,18.3,1012.8,0.0,3.9,IDRSING3
1068,4.4,0.0,0.0,2020-01-04 16:00:11,96.0,276.0,15.1,16.6,1012.8,0.0,3.9,IDRSING3
1069,4.5,0.0,0.0,2020-01-04 16:05:15,95.0,284.0,10.1,11.1,1012.8,0.0,3.7,IDRSING3
1070,4.4,0.0,0.0,2020-01-04 16:10:03,95.0,280.0,15.1,16.6,1012.4,0.0,3.6,IDRSING3
1071,4.5,0.0,0.0,2020-01-04 16:15:07,95.0,338.0,14.8,16.6,1012.8,0.0,3.7,IDRSING3
1072,4.4,0.0,0.0,2020-01-04 16:20:11,96.0,295.0,18.7,25.6,1012.8,0.0,3.9,IDRSING3
1073,4.4,0.0,0.0,2020-01-04 16:25:15,96.0,269.0,13.7,14.8,1012.8,0.0,3.9,IDRSING3
1074,4.4,0.0,0.0,2020-01-04 16:30:03,96.0,275.0,21.2,23.8,1012.8,0.0,3.9,IDRSING3
1075,4.4,0.0,0.0,2020-01-04 16:35:07,96.0,250.0,22.4,23.8,1012.8,0.0,3.9,IDRSING3
1076,4.4,0.0,0.0,2020-01-04 16:40:11,96.0,252.0,18.7,25.6,1012.8,0.0,3.9,IDRSING3
1077,4.5,0.0,0.0,2020-01-04 16:45:15,96.0,284.0,23.0,29.4,1012.8,0.0,4.0,IDRSING3
1078,4.5,0.0,0.0,2020-01-04 16:50:03,96.0,266.0,18.7,23.8,1012.8,0.0,4.0,IDRSING3
1079,4.3,0.0,0.0,2020-01-04 16:55:07,96.0,280.0,18.7,20.1,1012.8,0.0,3.8,IDRSING3
1080,4.2,0.0,0.0,2020-01-04 17:00:11,96.0,271.0,21.2,23.8,1012.8,0.0,3.7,IDRSING3
1081,4.3,0.0,0.0,2020-01-04 17:05:15,95.0,267.0,15.4,20.1,1012.8,0.0,3.5,IDRSING3
1082,4.1,0.0,0.0,2020-01-04 17:10:03,95.0,259.0,27.7,31.4,1012.8,0.0,3.3,IDRSING3
1083,4.1,0.0,0.0,2020-01-04 17:15:07,95.0,261.0,23.8,25.6,1012.8,0.0,3.3,IDRSING3
1084,4.0,0.0,0.0,2020-01-04 17:20:11,93.0,273.0,23.3,27.7,1012.8,0.0,2.9,IDRSING3
1085,3.9,0.0,0.0,2020-01-04 17:25:15,93.0,260.0,25.9,29.4,1012.8,0.0,2.8,IDRSING3
1086,3.8,0.0,0.0,2020-01-04 17:30:03,91.0,270.0,16.9,18.3,1012.8,0.0,2.5,IDRSING3
1087,3.7,0.0,0.0,2020-01-04 17:35:07,88.0,284.0,12.2,14.8,1013.1,0.0,1.8,IDRSING3
1088,3.6,0.0,0.0,2020-01-04 17:40:11,87.0,255.0,18.7,21.9,1012.8,0.0,1.6,IDRSING3
1089,3.6,1.3,0.3,2020-01-04 17:45:15,87.0,264.0,22.4,27.7,1012.8,0.0,1.6,IDRSING3
1090,3.5,1.3,0.3,2020-01-04 17:50:03,85.0,270.0,23.8,27.7,1012.8,0.0,1.2,IDRSING3
1091,3.6,0.0,0.3,2020-01-04 17:55:07,84.0,276.0,13.7,18.3,1012.4,0.0,1.1,IDRSING3
1092,3.6,0.0,0.3,2020-01-04 18:00:11,86.0,264.0,18.0,20.1,1012.4,0.0,1.5,IDRSING3
1093,3.8,0.0,0.3,2020-01-04 18:05:15,87.0,262.0,19.8,25.6,1012.4,0.0,1.8,IDRSING3
1094,3.9,0.0,0.3,2020-01-04 18:10:03,89.0,279.0,20.6,23.8,1012.4,0.0,2.2,IDRSING3
1095,4.0,0.0,0.3,2020-01-04 18:15:07,91.0,264.0,19.8,23.8,1012.4,0.0,2.7,IDRSING3
1096,4.2,0.0,0.3,2020-01-04 18:20:11,92.0,251.0,20.9,21.9,1012.4,0.0,3.0,IDRSING3
1097,4.2,0.0,0.3,2020-01-04 18:25:15,92.0,303.0,16.9,20.1,1012.4,0.0,3.0,IDRSING3
1098,4.2,0.0,0.3,2020-01-04 18:30:03,91.0,278.0,12.6,14.8,1012.4,0.0,2.9,IDRSING3
1099,4.3,0.0,0.3,2020-01-04 18:35:07,93.0,293.0,18.0,21.9,1012.4,0.0,3.2,IDRSING3
1100,4.4,0.0,0.3,2020-01-04 18:40:11,94.0,259.0,23.8,27.7,1012.4,0.0,3.4,IDRSING3
1101,4.5,0.0,0.3,2020-01-04 18:45:15,93.0,265.0,13.7,16.6,1012.1,0.0,3.4,IDRSING3
1102,4.5,0.0,0.3,2020-01-04 18:50:03,94.0,292.0,19.8,21.9,1012.1,0.0,3.5,IDRSING3
1103,4.5,0.0,0.3,2020-01-04 18:55:07,93.0,273.0,17.2,20.1,1012.1,0.0,3.4,IDRSING3
1104,4.5,0.0,0.3,2020-01-04 19:00:11,95.0,249.0,26.2,29.4,1011.7,0.0,3.7,IDRSING3
1105,4.6,0.0,0.3,2020-01-04 19:05:15,94.0,281.0,22.4,25.6,1011.7,0.0,3.6,IDRSING3
1106,4.6,0.0,0.3,2020-01-04 19:10:03,93.0,259.0,23.0,25.6,1012.1,0.0,3.5,IDRSING3
1107,4.6,0.0,0.3,2020-01-04 19:15:07,94.0,265.0,27.7,29.4,1011.7,0.0,3.6,IDRSING3
1108,4.6,0.0,0.3,2020-01-04 19:20:11,93.0,289.0,22.4,25.6,1012.1,0.0,3.5,IDRSING3
1109,4.6,0.0,0.3,2020-01-04 19:25:15,93.0,251.0,20.6,23.8,1012.1,0.0,3.5,IDRSING3
1110,4.7,0.0,0.3,2020-01-04 19:30:03,93.0,285.0,20.6,25.6,1012.1,0.0,3.6,IDRSING3
1111,4.7,0.0,0.3,2020-01-04 19:35:07,95.0,269.0,29.4,33.1,1012.1,0.0,3.9,IDRSING3
1112,4.6,0.0,0.3,2020-01-04 19:40:11,93.0,268.0,19.8,23.8,1012.1,0.0,3.5,IDRSING3
1113,4.6,0.0,0.3,2020-01-04 19:45:15,94.0,240.0,28.0,33.1,1012.1,0.0,3.6,IDRSING3
1114,4.5,0.0,0.3,2020-01-04 19:50:03,92.0,256.0,18.7,23.8,1012.1,0.0,3.3,IDRSING3
1115,4.4,0.0,0.3,2020-01-04 19:55:07,91.0,271.0,14.8,16.6,1012.1,0.0,3.1,IDRSING3
1116,4.4,0.0,0.3,2020-01-04 20:00:11,92.0,266.0,23.3,25.6,1012.1,0.0,3.2,IDRSING3
1117,4.5,0.0,0.3,2020-01-04 20:05:15,93.0,269.0,21.9,23.8,1012.1,0.0,3.4,IDRSING3
1118,4.5,0.0,0.3,2020-01-04 20:10:03,93.0,270.0,28.8,33.1,1012.4,0.0,3.4,IDRSING3
1119,4.5,0.0,0.3,2020-01-04 20:15:07,94.0,266.0,26.7,29.4,1012.1,0.0,3.5,IDRSING3
1120,4.6,0.0,0.3,2020-01-04 20:20:11,94.0,286.0,28.0,31.4,1012.1,0.0,3.6,IDRSING3
1121,4.6,0.0,0.3,2020-01-04 20:25:15,92.0,283.0,23.3,33.1,1012.1,0.0,3.4,IDRSING3
1122,4.6,0.0,0.3,2020-01-04 20:30:03,93.0,273.0,23.8,33.1,1011.7,0.0,3.5,IDRSING3
1123,4.6,0.0,0.3,2020-01-04 20:35:07,93.0,239.0,21.2,25.6,1012.1,0.0,3.5,IDRSING3
1124,4.7,0.0,0.3,2020-01-04 20:40:11,94.0,276.0,25.9,31.4,1012.1,0.0,3.7,IDRSING3
1125,4.6,0.0,0.3,2020-01-04 20:45:15,94.0,268.0,30.6,36.7,1012.1,0.0,3.6,IDRSING3
1126,4.7,0.0,0.3,2020-01-04 20:50:03,94.0,278.0,28.0,34.9,1012.1,0.0,3.7,IDRSING3
1127,4.7,0.0,0.3,2020-01-04 20:55:07,93.0,262.0,26.7,29.4,1012.1,0.0,3.6,IDRSING3
1128,4.5,0.0,0.3,2020-01-04 21:00:11,93.0,293.0,26.7,36.7,1012.1,0.0,3.4,IDRSING3
1129,4.5,0.0,0.3,2020-01-04 21:05:15,92.0,252.0,20.6,21.9,1012.1,0.0,3.3,IDRSING3
1130,4.6,0.0,0.3,2020-01-04 21:10:03,93.0,265.0,23.8,25.6,1012.4,0.0,3.5,IDRSING3
1131,4.3,0.0,0.3,2020-01-04 21:15:07,92.0,270.0,22.4,23.8,1012.1,0.0,3.1,IDRSING3
1132,4.3,0.0,0.3,2020-01-04 21:20:11,92.0,284.0,28.5,33.1,1012.1,0.0,3.1,IDRSING3
1133,4.3,0.0,0.3,2020-01-04 21:25:15,92.0,275.0,20.9,25.6,1012.1,0.0,3.1,IDRSING3
1134,4.1,0.0,0.3,2020-01-04 21:30:03,92.0,266.0,24.5,27.7,1012.1,0.0,2.9,IDRSING3
1135,4.1,0.0,0.3,2020-01-04 21:35:07,91.0,284.0,20.6,23.8,1012.1,0.0,2.8,IDRSING3
1136,4.0,0.0,0.3,2020-01-04 21:40:11,91.0,296.0,17.2,20.1,1012.1,0.0,2.7,IDRSING3
1137,3.9,0.0,0.3,2020-01-04 21:45:15,90.0,269.0,21.9,23.8,1012.4,0.0,2.4,IDRSING3
1138,3.9,0.0,0.3,2020-01-04 21:50:03,91.0,280.0,23.0,25.6,1012.4,0.0,2.6,IDRSING3
1139,3.8,0.0,0.3,2020-01-04 21:55:07,90.0,270.0,22.7,25.6,1012.4,0.0,2.3,IDRSING3
1140,4.1,0.0,0.3,2020-01-04 22:00:11,90.0,294.0,26.2,33.1,1012.4,0.0,2.6,IDRSING3
1141,3.9,0.0,0.3,2020-01-04 22:05:15,87.0,267.0,32.8,38.5,1012.8,0.0,1.9,IDRSING3
1142,3.9,1.8,0.5,2020-01-04 22:10:03,82.0,325.0,24.1,27.7,1012.8,0.0,1.1,IDRSING3
1143,3.7,1.8,0.5,2020-01-04 22:15:07,82.0,306.0,29.1,33.1,1013.1,0.0,0.9,IDRSING3
1144,3.7,0.0,0.5,2020-01-04 22:20:11,83.0,303.0,23.0,27.7,1012.8,0.0,1.0,IDRSING3
1145,3.7,0.0,0.5,2020-01-04 22:25:15,85.0,321.0,21.9,25.6,1012.8,0.0,1.4,IDRSING3
1146,3.7,0.0,0.5,2020-01-04 22:30:03,88.0,299.0,25.9,31.4,1013.1,0.0,1.8,IDRSING3
1147,3.9,0.0,0.5,2020-01-04 22:35:07,90.0,304.0,27.0,33.1,1013.1,0.0,2.4,IDRSING3
1148,3.7,0.0,0.5,2020-01-04 22:40:11,92.0,287.0,21.2,27.7,1013.4,0.0,2.5,IDRSING3
1149,3.4,0.0,0.5,2020-01-04 22:45:15,92.0,315.0,18.0,23.8,1013.4,0.0,2.2,IDRSING3
1150,3.4,0.0,0.5,2020-01-04 22:50:03,95.0,326.0,10.8,13.0,1013.4,0.0,2.6,IDRSING3
1151,3.2,0.0,0.5,2020-01-04 22:55:07,95.0,282.0,14.8,16.6,1013.4,0.0,2.4,IDRSING3
1152,3.2,0.0,0.0,2020-01-04 23:00:12,96.0,319.0,16.3,18.3,1013.4,0.0,2.7,IDRSING3
1153,3.2,0.0,0.0,2020-01-04 23:05:00,95.0,293.0,18.7,21.9,1013.4,0.0,2.4,IDRSING3
1154,3.0,0.0,0.0,2020-01-04 23:10:04,96.0,288.0,17.7,20.1,1013.4,0.0,2.5,IDRSING3
1155,3.0,0.0,0.0,2020-01-04 23:15:08,95.0,325.0,16.9,21.9,1013.4,0.0,2.3,IDRSING3
1156,2.8,0.0,0.0,2020-01-04 23:20:12,95.0,306.0,14.0,16.6,1013.4,0.0,2.1,IDRSING3
1157,2.7,0.0,0.0,2020-01-04 23:25:00,95.0,292.0,14.0,16.6,1013.8,0.0,2.0,IDRSING3
1158,2.5,0.0,0.0,2020-01-04 23:30:04,95.0,338.0,11.9,16.6,1013.8,0.0,1.8,IDRSING3
1159,2.3,0.0,0.0,2020-01-04 23:35:08,95.0,306.0,14.3,16.6,1013.8,0.0,1.6,IDRSING3
1160,2.1,0.0,0.0,2020-01-04 23:40:12,95.0,282.0,15.1,18.3,1013.4,0.0,1.4,IDRSING3
1161,2.1,0.0,0.0,2020-01-04 23:45:00,96.0,248.0,14.8,16.6,1013.8,0.0,1.6,IDRSING3
1162,2.3,0.0,0.0,2020-01-04 23:50:04,96.0,334.0,14.8,18.3,1014.1,0.0,1.8,IDRSING3
1163,2.4,0.0,0.0,2020-01-04 23:55:08,97.0,293.0,19.5,21.9,1014.1,0.0,2.0,IDRSING3
1164,2.4,0.0,0.0,2020-01-05 00:00:12,96.0,325.0,16.3,18.3,1014.4,0.0,1.9,IDRSING3
1165,2.4,0.0,0.0,2020-01-05 00:05:00,96.0,289.0,10.1,14.8,1014.4,0.0,1.9,IDRSING3
1166,2.5,0.0,0.0,2020-01-05 00:10:04,96.0,286.0,19.1,23.8,1014.4,0.0,2.0,IDRSING3
1167,2.6,0.0,0.0,2020-01-05 00:15:08,96.0,292.0,10.5,11.1,1014.4,0.0,2.1,IDRSING3
1168,2.4,0.0,0.0,2020-01-05 00:20:12,96.0,291.0,11.9,13.0,1014.4,0.0,1.9,IDRSING3
1169,2.4,0.0,0.0,2020-01-05 00:25:00,96.0,289.0,13.7,14.8,1014.8,0.0,1.9,IDRSING3
1170,2.5,0.0,0.0,2020-01-05 00:30:04,95.0,270.0,11.9,13.0,1014.8,0.0,1.8,IDRSING3
1171,2.5,0.0,0.0,2020-01-05 00:35:08,96.0,308.0,11.9,13.0,1014.8,0.0,2.0,IDRSING3
1172,2.5,0.0,0.0,2020-01-05 00:40:12,96.0,285.0,17.2,23.8,1015.1,0.0,2.0,IDRSING3
1173,2.7,0.0,0.0,2020-01-05 00:45:00,96.0,293.0,14.8,20.1,1015.1,0.0,2.2,IDRSING3
1174,2.8,0.0,0.0,2020-01-05 00:50:04,96.0,285.0,19.1,21.9,1015.1,0.0,2.3,IDRSING3
1175,2.7,0.0,0.0,2020-01-05 00:55:08,96.0,303.0,15.4,21.9,1015.1,0.0,2.2,IDRSING3
1176,2.7,0.0,0.0,2020-01-05 01:00:12,95.0,322.0,14.8,20.1,1015.5,0.0,2.0,IDRSING3
